campaign_id,month,channel,country_code,campaign_name,spend,impressions,clicks
M00001,2023-01-01,Paid Search,FI,Paid_Search_FI_2023_01,1227.61,139531,2749
M00002,2023-01-01,Paid Search,SE,Paid_Search_SE_2023_01,2874.78,363984,9237
M00003,2023-01-01,Paid Search,DE,Paid_Search_DE_2023_01,3121.14,276329,8317
M00004,2023-01-01,Paid Search,NL,Paid_Search_NL_2023_01,3289.92,272431,3586
M00005,2023-01-01,Paid Search,FR,Paid_Search_FR_2023_01,2644.76,305968,12350
M00006,2023-01-01,Paid Search,ES,Paid_Search_ES_2023_01,3137.06,151844,2711
M00007,2023-01-01,Paid Search,IT,Paid_Search_IT_2023_01,2843.31,205926,8057
M00008,2023-01-01,Paid Search,PL,Paid_Search_PL_2023_01,1361.6,134109,5851
M00009,2023-01-01,Social,FI,Social_FI_2023_01,3352.34,324973,9143
M00010,2023-01-01,Social,SE,Social_SE_2023_01,3358.61,360879,13861
M00011,2023-01-01,Social,DE,Social_DE_2023_01,2846.59,330149,3976
M00012,2023-01-01,Social,NL,Social_NL_2023_01,2891.14,195200,4975
M00013,2023-01-01,Social,FR,Social_FR_2023_01,3816.35,359064,9783
M00014,2023-01-01,Social,ES,Social_ES_2023_01,3702.78,231224,5386
M00015,2023-01-01,Social,IT,Social_IT_2023_01,2952.41,269774,5022
M00016,2023-01-01,Social,PL,Social_PL_2023_01,1923.15,227842,3826
M00017,2023-01-01,Email,FI,Email_FI_2023_01,2724.39,167359,3793
M00018,2023-01-01,Email,SE,Email_SE_2023_01,2107.37,232693,7164
M00019,2023-01-01,Email,DE,Email_DE_2023_01,2540.88,271624,11526
M00020,2023-01-01,Email,NL,Email_NL_2023_01,3572.35,318037,13599
M00021,2023-01-01,Email,FR,Email_FR_2023_01,1030.46,107797,4437
M00022,2023-01-01,Email,ES,Email_ES_2023_01,2250.8,212033,9030
M00023,2023-01-01,Email,IT,Email_IT_2023_01,3308.94,410201,7243
M00024,2023-01-01,Email,PL,Email_PL_2023_01,1184.52,149160,4129
M00025,2023-01-01,Affiliate,FI,Affiliate_FI_2023_01,3599.89,395393,6656
M00026,2023-01-01,Affiliate,SE,Affiliate_SE_2023_01,1764.65,192511,6660
M00027,2023-01-01,Affiliate,DE,Affiliate_DE_2023_01,2036.41,150358,4880
M00028,2023-01-01,Affiliate,NL,Affiliate_NL_2023_01,2044.39,103785,4448
M00029,2023-01-01,Affiliate,FR,Affiliate_FR_2023_01,1798.16,112863,4610
M00030,2023-01-01,Affiliate,ES,Affiliate_ES_2023_01,3239.44,344020,4236
M00031,2023-01-01,Affiliate,IT,Affiliate_IT_2023_01,2453.85,243702,4585
M00032,2023-01-01,Affiliate,PL,Affiliate_PL_2023_01,1652.67,109780,2045
M00033,2023-02-01,Paid Search,FI,Paid_Search_FI_2023_02,2329.37,286289,4621
M00034,2023-02-01,Paid Search,SE,Paid_Search_SE_2023_02,3625.2,391326,14389
M00035,2023-02-01,Paid Search,DE,Paid_Search_DE_2023_02,3583.39,387076,12992
M00036,2023-02-01,Paid Search,NL,Paid_Search_NL_2023_02,3606.39,386213,12441
M00037,2023-02-01,Paid Search,FR,Paid_Search_FR_2023_02,3604.74,283454,7641
M00038,2023-02-01,Paid Search,ES,Paid_Search_ES_2023_02,3832.68,238887,10554
M00039,2023-02-01,Paid Search,IT,Paid_Search_IT_2023_02,4046.82,209568,4046
M00040,2023-02-01,Paid Search,PL,Paid_Search_PL_2023_02,3702.41,469046,13233
M00041,2023-02-01,Social,FI,Social_FI_2023_02,2359.16,115611,1547
M00042,2023-02-01,Social,SE,Social_SE_2023_02,3684.92,226669,6452
M00043,2023-02-01,Social,DE,Social_DE_2023_02,1681.64,114395,3970
M00044,2023-02-01,Social,NL,Social_NL_2023_02,983.53,61479,2716
M00045,2023-02-01,Social,FR,Social_FR_2023_02,2017.02,104713,2230
M00046,2023-02-01,Social,ES,Social_ES_2023_02,3563.92,186801,3375
M00047,2023-02-01,Social,IT,Social_IT_2023_02,2012.19,135759,3414
M00048,2023-02-01,Social,PL,Social_PL_2023_02,2965.78,178104,7301
M00049,2023-02-01,Email,FI,Email_FI_2023_02,2235.01,280104,9053
M00050,2023-02-01,Email,SE,Email_SE_2023_02,2551.0,187902,7799
M00051,2023-02-01,Email,DE,Email_DE_2023_02,3937.14,248946,5029
M00052,2023-02-01,Email,NL,Email_NL_2023_02,2997.8,247661,8038
M00053,2023-02-01,Email,FR,Email_FR_2023_02,2758.34,311629,13967
M00054,2023-02-01,Email,ES,Email_ES_2023_02,2309.34,215984,3878
M00055,2023-02-01,Email,IT,Email_IT_2023_02,2545.99,301570,4682
M00056,2023-02-01,Email,PL,Email_PL_2023_02,1083.63,65491,789
M00057,2023-02-01,Affiliate,FI,Affiliate_FI_2023_02,1294.09,114715,4288
M00058,2023-02-01,Affiliate,SE,Affiliate_SE_2023_02,2259.64,262752,5422
M00059,2023-02-01,Affiliate,DE,Affiliate_DE_2023_02,1594.0,205999,6361
M00060,2023-02-01,Affiliate,NL,Affiliate_NL_2023_02,3772.23,453790,10822
M00061,2023-02-01,Affiliate,FR,Affiliate_FR_2023_02,2953.94,317041,13870
M00062,2023-02-01,Affiliate,ES,Affiliate_ES_2023_02,1366.12,139171,5651
M00063,2023-02-01,Affiliate,IT,Affiliate_IT_2023_02,1240.23,140844,2891
M00064,2023-02-01,Affiliate,PL,Affiliate_PL_2023_02,1532.63,128699,2044
M00065,2023-03-01,Paid Search,FI,Paid_Search_FI_2023_03,2342.4,119490,4290
M00066,2023-03-01,Paid Search,SE,Paid_Search_SE_2023_03,3361.16,208109,7366
M00067,2023-03-01,Paid Search,DE,Paid_Search_DE_2023_03,1702.06,85836,1753
M00068,2023-03-01,Paid Search,NL,Paid_Search_NL_2023_03,3106.42,196913,8061
M00069,2023-03-01,Paid Search,FR,Paid_Search_FR_2023_03,2827.46,292015,8423
M00070,2023-03-01,Paid Search,ES,Paid_Search_ES_2023_03,2968.88,271919,5027
M00071,2023-03-01,Paid Search,IT,Paid_Search_IT_2023_03,1876.96,151308,1984
M00072,2023-03-01,Paid Search,PL,Paid_Search_PL_2023_03,2086.6,242355,7553
M00073,2023-03-01,Social,FI,Social_FI_2023_03,998.54,109442,3959
M00074,2023-03-01,Social,SE,Social_SE_2023_03,1970.45,182970,6713
M00075,2023-03-01,Social,DE,Social_DE_2023_03,3674.3,351606,6777
M00076,2023-03-01,Social,NL,Social_NL_2023_03,4103.25,344925,6552
M00077,2023-03-01,Social,FR,Social_FR_2023_03,2808.06,126945,5535
M00078,2023-03-01,Social,ES,Social_ES_2023_03,2561.28,234149,3575
M00079,2023-03-01,Social,IT,Social_IT_2023_03,3184.67,253137,8497
M00080,2023-03-01,Social,PL,Social_PL_2023_03,1276.39,80270,2587
M00081,2023-03-01,Email,FI,Email_FI_2023_03,2483.74,155804,6632
M00082,2023-03-01,Email,SE,Email_SE_2023_03,983.97,77168,1113
M00083,2023-03-01,Email,DE,Email_DE_2023_03,2911.46,142600,5218
M00084,2023-03-01,Email,NL,Email_NL_2023_03,3474.52,421407,9717
M00085,2023-03-01,Email,FR,Email_FR_2023_03,1906.92,174207,7047
M00086,2023-03-01,Email,ES,Email_ES_2023_03,2336.78,164705,6910
M00087,2023-03-01,Email,IT,Email_IT_2023_03,2596.59,195584,3978
M00088,2023-03-01,Email,PL,Email_PL_2023_03,3591.32,222455,9943
M00089,2023-03-01,Affiliate,FI,Affiliate_FI_2023_03,1068.87,129191,3775
M00090,2023-03-01,Affiliate,SE,Affiliate_SE_2023_03,2061.04,160436,5909
M00091,2023-03-01,Affiliate,DE,Affiliate_DE_2023_03,2080.23,266205,7130
M00092,2023-03-01,Affiliate,NL,Affiliate_NL_2023_03,3364.54,218287,3040
M00093,2023-03-01,Affiliate,FR,Affiliate_FR_2023_03,3792.04,231230,5311
M00094,2023-03-01,Affiliate,ES,Affiliate_ES_2023_03,4172.87,206729,7582
M00095,2023-03-01,Affiliate,IT,Affiliate_IT_2023_03,1153.17,123049,5219
M00096,2023-03-01,Affiliate,PL,Affiliate_PL_2023_03,1950.91,117142,3481
M00097,2023-04-01,Paid Search,FI,Paid_Search_FI_2023_04,1676.28,134479,2476
M00098,2023-04-01,Paid Search,SE,Paid_Search_SE_2023_04,3150.12,168776,6223
M00099,2023-04-01,Paid Search,DE,Paid_Search_DE_2023_04,3384.1,215750,3241
M00100,2023-04-01,Paid Search,NL,Paid_Search_NL_2023_04,2967.48,322318,5172
M00101,2023-04-01,Paid Search,FR,Paid_Search_FR_2023_04,1857.91,164199,5969
M00102,2023-04-01,Paid Search,ES,Paid_Search_ES_2023_04,3185.81,168262,2063
M00103,2023-04-01,Paid Search,IT,Paid_Search_IT_2023_04,3695.44,257033,10255
M00104,2023-04-01,Paid Search,PL,Paid_Search_PL_2023_04,3295.79,208741,5155
M00105,2023-04-01,Social,FI,Social_FI_2023_04,3248.5,395638,10767
M00106,2023-04-01,Social,SE,Social_SE_2023_04,3070.61,295467,5170
M00107,2023-04-01,Social,DE,Social_DE_2023_04,1469.68,70867,2932
M00108,2023-04-01,Social,NL,Social_NL_2023_04,1117.9,127546,3904
M00109,2023-04-01,Social,FR,Social_FR_2023_04,1871.04,204334,8781
M00110,2023-04-01,Social,ES,Social_ES_2023_04,1183.65,58301,2232
M00111,2023-04-01,Social,IT,Social_IT_2023_04,3363.16,214307,8086
M00112,2023-04-01,Social,PL,Social_PL_2023_04,1894.9,153223,4427
M00113,2023-04-01,Email,FI,Email_FI_2023_04,1115.58,74674,2832
M00114,2023-04-01,Email,SE,Email_SE_2023_04,3408.09,354777,7359
M00115,2023-04-01,Email,DE,Email_DE_2023_04,4172.77,300641,6805
M00116,2023-04-01,Email,NL,Email_NL_2023_04,1341.98,67438,1362
M00117,2023-04-01,Email,FR,Email_FR_2023_04,1226.59,78969,3171
M00118,2023-04-01,Email,ES,Email_ES_2023_04,1744.09,89352,3542
M00119,2023-04-01,Email,IT,Email_IT_2023_04,2060.37,183276,5433
M00120,2023-04-01,Email,PL,Email_PL_2023_04,2650.41,260516,10071
M00121,2023-04-01,Affiliate,FI,Affiliate_FI_2023_04,3345.54,183872,4513
M00122,2023-04-01,Affiliate,SE,Affiliate_SE_2023_04,2543.12,138553,5290
M00123,2023-04-01,Affiliate,DE,Affiliate_DE_2023_04,2436.97,272297,9518
M00124,2023-04-01,Affiliate,NL,Affiliate_NL_2023_04,3869.86,259531,6013
M00125,2023-04-01,Affiliate,FR,Affiliate_FR_2023_04,2795.91,315528,12969
M00126,2023-04-01,Affiliate,ES,Affiliate_ES_2023_04,1865.88,210199,7860
M00127,2023-04-01,Affiliate,IT,Affiliate_IT_2023_04,2873.72,286915,12323
M00128,2023-04-01,Affiliate,PL,Affiliate_PL_2023_04,2118.58,151716,6492
M00129,2023-05-01,Paid Search,FI,Paid_Search_FI_2023_05,1644.22,169191,3056
M00130,2023-05-01,Paid Search,SE,Paid_Search_SE_2023_05,2698.25,151189,2805
M00131,2023-05-01,Paid Search,DE,Paid_Search_DE_2023_05,1672.48,95804,1703
M00132,2023-05-01,Paid Search,NL,Paid_Search_NL_2023_05,1961.27,220888,3007
M00133,2023-05-01,Paid Search,FR,Paid_Search_FR_2023_05,3270.88,258574,6745
M00134,2023-05-01,Paid Search,ES,Paid_Search_ES_2023_05,1053.81,52467,1539
M00135,2023-05-01,Paid Search,IT,Paid_Search_IT_2023_05,4816.42,355675,14156
M00136,2023-05-01,Paid Search,PL,Paid_Search_PL_2023_05,1113.55,68115,851
M00137,2023-05-01,Social,FI,Social_FI_2023_05,3122.15,247833,8260
M00138,2023-05-01,Social,SE,Social_SE_2023_05,1078.1,110558,2403
M00139,2023-05-01,Social,DE,Social_DE_2023_05,3067.58,231155,4686
M00140,2023-05-01,Social,NL,Social_NL_2023_05,3912.18,216641,6591
M00141,2023-05-01,Social,FR,Social_FR_2023_05,2737.24,218449,9383
M00142,2023-05-01,Social,ES,Social_ES_2023_05,1675.07,131242,5769
M00143,2023-05-01,Social,IT,Social_IT_2023_05,1629.55,110853,4601
M00144,2023-05-01,Social,PL,Social_PL_2023_05,1212.95,139604,5989
M00145,2023-05-01,Email,FI,Email_FI_2023_05,3798.2,231809,7223
M00146,2023-05-01,Email,SE,Email_SE_2023_05,2494.84,159869,5306
M00147,2023-05-01,Email,DE,Email_DE_2023_05,4341.73,306284,4530
M00148,2023-05-01,Email,NL,Email_NL_2023_05,4610.3,589691,22354
M00149,2023-05-01,Email,FR,Email_FR_2023_05,4469.65,361781,11713
M00150,2023-05-01,Email,ES,Email_ES_2023_05,1151.0,52065,927
M00151,2023-05-01,Email,IT,Email_IT_2023_05,4502.93,476374,9148
M00152,2023-05-01,Email,PL,Email_PL_2023_05,3024.19,301184,5989
M00153,2023-05-01,Affiliate,FI,Affiliate_FI_2023_05,4405.3,544518,13691
M00154,2023-05-01,Affiliate,SE,Affiliate_SE_2023_05,3743.2,248132,10062
M00155,2023-05-01,Affiliate,DE,Affiliate_DE_2023_05,1456.52,176276,7038
M00156,2023-05-01,Affiliate,NL,Affiliate_NL_2023_05,4314.17,471081,12312
M00157,2023-05-01,Affiliate,FR,Affiliate_FR_2023_05,2391.32,116777,4589
M00158,2023-05-01,Affiliate,ES,Affiliate_ES_2023_05,3058.99,207115,6642
M00159,2023-05-01,Affiliate,IT,Affiliate_IT_2023_05,2900.83,244380,9273
M00160,2023-05-01,Affiliate,PL,Affiliate_PL_2023_05,2888.07,297136,6556
M00161,2023-06-01,Paid Search,FI,Paid_Search_FI_2023_06,4265.71,238320,8081
M00162,2023-06-01,Paid Search,SE,Paid_Search_SE_2023_06,2089.55,253682,4088
M00163,2023-06-01,Paid Search,DE,Paid_Search_DE_2023_06,3382.21,197678,3464
M00164,2023-06-01,Paid Search,NL,Paid_Search_NL_2023_06,1811.69,84296,1315
M00165,2023-06-01,Paid Search,FR,Paid_Search_FR_2023_06,4019.79,317056,7542
M00166,2023-06-01,Paid Search,ES,Paid_Search_ES_2023_06,3403.24,273780,9624
M00167,2023-06-01,Paid Search,IT,Paid_Search_IT_2023_06,3659.48,269566,5097
M00168,2023-06-01,Paid Search,PL,Paid_Search_PL_2023_06,4655.29,352317,14424
M00169,2023-06-01,Social,FI,Social_FI_2023_06,4672.91,538412,17922
M00170,2023-06-01,Social,SE,Social_SE_2023_06,4808.82,417017,18010
M00171,2023-06-01,Social,DE,Social_DE_2023_06,1258.63,151164,2411
M00172,2023-06-01,Social,NL,Social_NL_2023_06,4165.63,442796,16520
M00173,2023-06-01,Social,FR,Social_FR_2023_06,4769.57,245723,10021
M00174,2023-06-01,Social,ES,Social_ES_2023_06,4603.44,546054,8338
M00175,2023-06-01,Social,IT,Social_IT_2023_06,1940.95,241353,7745
M00176,2023-06-01,Social,PL,Social_PL_2023_06,3628.54,283387,3840
M00177,2023-06-01,Email,FI,Email_FI_2023_06,4202.48,414051,6711
M00178,2023-06-01,Email,SE,Email_SE_2023_06,3587.81,368652,8378
M00179,2023-06-01,Email,DE,Email_DE_2023_06,2932.85,328830,7159
M00180,2023-06-01,Email,NL,Email_NL_2023_06,4094.98,412320,5254
M00181,2023-06-01,Email,FR,Email_FR_2023_06,2561.59,159009,5459
M00182,2023-06-01,Email,ES,Email_ES_2023_06,3128.38,363239,10671
M00183,2023-06-01,Email,IT,Email_IT_2023_06,3742.23,221590,4442
M00184,2023-06-01,Email,PL,Email_PL_2023_06,4369.98,557454,23957
M00185,2023-06-01,Affiliate,FI,Affiliate_FI_2023_06,4583.03,362025,15555
M00186,2023-06-01,Affiliate,SE,Affiliate_SE_2023_06,3732.4,305890,10957
M00187,2023-06-01,Affiliate,DE,Affiliate_DE_2023_06,2920.16,271280,4828
M00188,2023-06-01,Affiliate,NL,Affiliate_NL_2023_06,4686.05,310703,7709
M00189,2023-06-01,Affiliate,FR,Affiliate_FR_2023_06,4350.66,540551,11610
M00190,2023-06-01,Affiliate,ES,Affiliate_ES_2023_06,1465.44,188099,7763
M00191,2023-06-01,Affiliate,IT,Affiliate_IT_2023_06,1651.56,118528,2263
M00192,2023-06-01,Affiliate,PL,Affiliate_PL_2023_06,3058.99,144613,5779
M00193,2023-07-01,Paid Search,FI,Paid_Search_FI_2023_07,3611.76,346137,7172
M00194,2023-07-01,Paid Search,SE,Paid_Search_SE_2023_07,1900.43,242219,4175
M00195,2023-07-01,Paid Search,DE,Paid_Search_DE_2023_07,1913.72,215571,5532
M00196,2023-07-01,Paid Search,NL,Paid_Search_NL_2023_07,1390.19,136377,4272
M00197,2023-07-01,Paid Search,FR,Paid_Search_FR_2023_07,2492.2,228935,3583
M00198,2023-07-01,Paid Search,ES,Paid_Search_ES_2023_07,4107.26,518750,22760
M00199,2023-07-01,Paid Search,IT,Paid_Search_IT_2023_07,2987.03,319384,6555
M00200,2023-07-01,Paid Search,PL,Paid_Search_PL_2023_07,3585.47,319310,8121
M00201,2023-07-01,Social,FI,Social_FI_2023_07,3706.15,168364,4890
M00202,2023-07-01,Social,SE,Social_SE_2023_07,1979.47,171545,5079
M00203,2023-07-01,Social,DE,Social_DE_2023_07,1815.9,84966,3352
M00204,2023-07-01,Social,NL,Social_NL_2023_07,3102.68,271799,5339
M00205,2023-07-01,Social,FR,Social_FR_2023_07,2031.18,240606,9347
M00206,2023-07-01,Social,ES,Social_ES_2023_07,2885.33,276206,4926
M00207,2023-07-01,Social,IT,Social_IT_2023_07,2857.75,274178,7959
M00208,2023-07-01,Social,PL,Social_PL_2023_07,3605.43,286665,8116
M00209,2023-07-01,Email,FI,Email_FI_2023_07,2827.24,162197,6387
M00210,2023-07-01,Email,SE,Email_SE_2023_07,3209.8,304102,3824
M00211,2023-07-01,Email,DE,Email_DE_2023_07,3576.19,328162,8480
M00212,2023-07-01,Email,NL,Email_NL_2023_07,2306.59,245351,5744
M00213,2023-07-01,Email,FR,Email_FR_2023_07,1798.22,80991,2243
M00214,2023-07-01,Email,ES,Email_ES_2023_07,3449.38,280193,5077
M00215,2023-07-01,Email,IT,Email_IT_2023_07,3977.65,320329,4845
M00216,2023-07-01,Email,PL,Email_PL_2023_07,1455.54,119043,2101
M00217,2023-07-01,Affiliate,FI,Affiliate_FI_2023_07,1481.1,70491,1525
M00218,2023-07-01,Affiliate,SE,Affiliate_SE_2023_07,2828.84,308081,8631
M00219,2023-07-01,Affiliate,DE,Affiliate_DE_2023_07,2729.29,248008,9075
M00220,2023-07-01,Affiliate,NL,Affiliate_NL_2023_07,4174.94,515782,13276
M00221,2023-07-01,Affiliate,FR,Affiliate_FR_2023_07,2433.11,276761,7410
M00222,2023-07-01,Affiliate,ES,Affiliate_ES_2023_07,4195.64,508056,19205
M00223,2023-07-01,Affiliate,IT,Affiliate_IT_2023_07,4030.75,206778,4190
M00224,2023-07-01,Affiliate,PL,Affiliate_PL_2023_07,3447.75,267705,7944
M00225,2023-08-01,Paid Search,FI,Paid_Search_FI_2023_08,4091.94,409675,18245
M00226,2023-08-01,Paid Search,SE,Paid_Search_SE_2023_08,2010.19,230786,5111
M00227,2023-08-01,Paid Search,DE,Paid_Search_DE_2023_08,3748.83,466572,7235
M00228,2023-08-01,Paid Search,NL,Paid_Search_NL_2023_08,1810.99,199159,6612
M00229,2023-08-01,Paid Search,FR,Paid_Search_FR_2023_08,1122.17,92293,3102
M00230,2023-08-01,Paid Search,ES,Paid_Search_ES_2023_08,1022.63,73190,1038
M00231,2023-08-01,Paid Search,IT,Paid_Search_IT_2023_08,1688.99,181148,2905
M00232,2023-08-01,Paid Search,PL,Paid_Search_PL_2023_08,2704.48,209720,9214
M00233,2023-08-01,Social,FI,Social_FI_2023_08,3593.92,190160,4875
M00234,2023-08-01,Social,SE,Social_SE_2023_08,4112.58,288860,6506
M00235,2023-08-01,Social,DE,Social_DE_2023_08,3362.51,261531,7202
M00236,2023-08-01,Social,NL,Social_NL_2023_08,3737.3,389021,9996
M00237,2023-08-01,Social,FR,Social_FR_2023_08,3930.17,302180,7864
M00238,2023-08-01,Social,ES,Social_ES_2023_08,1935.14,116573,2265
M00239,2023-08-01,Social,IT,Social_IT_2023_08,1603.97,107793,1838
M00240,2023-08-01,Social,PL,Social_PL_2023_08,2048.95,185184,6140
M00241,2023-08-01,Email,FI,Email_FI_2023_08,3411.86,231512,5858
M00242,2023-08-01,Email,SE,Email_SE_2023_08,2845.22,152119,3354
M00243,2023-08-01,Email,DE,Email_DE_2023_08,2439.09,183742,5333
M00244,2023-08-01,Email,NL,Email_NL_2023_08,3384.82,342930,11132
M00245,2023-08-01,Email,FR,Email_FR_2023_08,1820.3,193213,7399
M00246,2023-08-01,Email,ES,Email_ES_2023_08,1671.76,93637,2850
M00247,2023-08-01,Email,IT,Email_IT_2023_08,1786.07,123411,1511
M00248,2023-08-01,Email,PL,Email_PL_2023_08,3898.94,242152,6319
M00249,2023-08-01,Affiliate,FI,Affiliate_FI_2023_08,1146.59,132293,2923
M00250,2023-08-01,Affiliate,SE,Affiliate_SE_2023_08,4042.99,488814,7827
M00251,2023-08-01,Affiliate,DE,Affiliate_DE_2023_08,4112.95,495204,11886
M00252,2023-08-01,Affiliate,NL,Affiliate_NL_2023_08,2029.92,233996,5566
M00253,2023-08-01,Affiliate,FR,Affiliate_FR_2023_08,3903.84,228753,3915
M00254,2023-08-01,Affiliate,ES,Affiliate_ES_2023_08,2123.3,258762,9408
M00255,2023-08-01,Affiliate,IT,Affiliate_IT_2023_08,902.63,106838,1965
M00256,2023-08-01,Affiliate,PL,Affiliate_PL_2023_08,3001.46,374152,6383
M00257,2023-09-01,Paid Search,FI,Paid_Search_FI_2023_09,3065.54,319883,13302
M00258,2023-09-01,Paid Search,SE,Paid_Search_SE_2023_09,1869.54,143731,6425
M00259,2023-09-01,Paid Search,DE,Paid_Search_DE_2023_09,1145.45,123143,4941
M00260,2023-09-01,Paid Search,NL,Paid_Search_NL_2023_09,1338.34,71551,1074
M00261,2023-09-01,Paid Search,FR,Paid_Search_FR_2023_09,1598.18,126205,4589
M00262,2023-09-01,Paid Search,ES,Paid_Search_ES_2023_09,1299.85,161906,2718
M00263,2023-09-01,Paid Search,IT,Paid_Search_IT_2023_09,2538.64,309598,5685
M00264,2023-09-01,Paid Search,PL,Paid_Search_PL_2023_09,1878.44,99567,4017
M00265,2023-09-01,Social,FI,Social_FI_2023_09,3786.34,418777,9227
M00266,2023-09-01,Social,SE,Social_SE_2023_09,1200.69,72428,2236
M00267,2023-09-01,Social,DE,Social_DE_2023_09,2809.76,235478,3859
M00268,2023-09-01,Social,NL,Social_NL_2023_09,3816.8,323709,6048
M00269,2023-09-01,Social,FR,Social_FR_2023_09,3703.95,299362,4406
M00270,2023-09-01,Social,ES,Social_ES_2023_09,3158.11,400939,9318
M00271,2023-09-01,Social,IT,Social_IT_2023_09,1700.45,82918,1415
M00272,2023-09-01,Social,PL,Social_PL_2023_09,2921.64,263559,9848
M00273,2023-09-01,Email,FI,Email_FI_2023_09,3899.02,309853,7757
M00274,2023-09-01,Email,SE,Email_SE_2023_09,3711.53,435690,13085
M00275,2023-09-01,Email,DE,Email_DE_2023_09,1724.55,153188,5981
M00276,2023-09-01,Email,NL,Email_NL_2023_09,3300.85,324406,6833
M00277,2023-09-01,Email,FR,Email_FR_2023_09,3528.67,373264,7931
M00278,2023-09-01,Email,ES,Email_ES_2023_09,1919.62,240400,5162
M00279,2023-09-01,Email,IT,Email_IT_2023_09,2840.85,264486,5441
M00280,2023-09-01,Email,PL,Email_PL_2023_09,2160.18,137462,5501
M00281,2023-09-01,Affiliate,FI,Affiliate_FI_2023_09,3895.1,332924,7543
M00282,2023-09-01,Affiliate,SE,Affiliate_SE_2023_09,1436.69,167982,5620
M00283,2023-09-01,Affiliate,DE,Affiliate_DE_2023_09,1495.15,171603,6744
M00284,2023-09-01,Affiliate,NL,Affiliate_NL_2023_09,1702.48,221288,7241
M00285,2023-09-01,Affiliate,FR,Affiliate_FR_2023_09,1177.34,142641,4252
M00286,2023-09-01,Affiliate,ES,Affiliate_ES_2023_09,4005.21,320087,12831
M00287,2023-09-01,Affiliate,IT,Affiliate_IT_2023_09,1618.04,110445,4021
M00288,2023-09-01,Affiliate,PL,Affiliate_PL_2023_09,1398.93,128862,3531
M00289,2023-10-01,Paid Search,FI,Paid_Search_FI_2023_10,3134.35,391228,16231
M00290,2023-10-01,Paid Search,SE,Paid_Search_SE_2023_10,3592.25,352996,15836
M00291,2023-10-01,Paid Search,DE,Paid_Search_DE_2023_10,1365.11,115534,4664
M00292,2023-10-01,Paid Search,NL,Paid_Search_NL_2023_10,2162.26,271784,10777
M00293,2023-10-01,Paid Search,FR,Paid_Search_FR_2023_10,2815.8,316689,13631
M00294,2023-10-01,Paid Search,ES,Paid_Search_ES_2023_10,1646.73,75921,1222
M00295,2023-10-01,Paid Search,IT,Paid_Search_IT_2023_10,3504.02,287461,8615
M00296,2023-10-01,Paid Search,PL,Paid_Search_PL_2023_10,2736.75,152441,6069
M00297,2023-10-01,Social,FI,Social_FI_2023_10,3805.74,286599,6117
M00298,2023-10-01,Social,SE,Social_SE_2023_10,1563.71,179056,7008
M00299,2023-10-01,Social,DE,Social_DE_2023_10,2280.47,291112,3758
M00300,2023-10-01,Social,NL,Social_NL_2023_10,3142.97,317965,4653
M00301,2023-10-01,Social,FR,Social_FR_2023_10,2967.31,374997,8525
M00302,2023-10-01,Social,ES,Social_ES_2023_10,3645.22,468600,20553
M00303,2023-10-01,Social,IT,Social_IT_2023_10,1609.35,85861,1885
M00304,2023-10-01,Social,PL,Social_PL_2023_10,3104.7,367701,8588
M00305,2023-10-01,Email,FI,Email_FI_2023_10,3837.08,425523,15356
M00306,2023-10-01,Email,SE,Email_SE_2023_10,1476.45,123735,4043
M00307,2023-10-01,Email,DE,Email_DE_2023_10,3086.63,257655,11123
M00308,2023-10-01,Email,NL,Email_NL_2023_10,3554.58,427611,14156
M00309,2023-10-01,Email,FR,Email_FR_2023_10,4023.8,499826,10978
M00310,2023-10-01,Email,ES,Email_ES_2023_10,1009.91,92049,1288
M00311,2023-10-01,Email,IT,Email_IT_2023_10,3018.2,171965,4796
M00312,2023-10-01,Email,PL,Email_PL_2023_10,962.85,62504,1173
M00313,2023-10-01,Affiliate,FI,Affiliate_FI_2023_10,3320.67,259026,10405
M00314,2023-10-01,Affiliate,SE,Affiliate_SE_2023_10,2946.51,298992,13223
M00315,2023-10-01,Affiliate,DE,Affiliate_DE_2023_10,1162.43,150909,2672
M00316,2023-10-01,Affiliate,NL,Affiliate_NL_2023_10,2266.5,215798,4124
M00317,2023-10-01,Affiliate,FR,Affiliate_FR_2023_10,2589.9,233221,8102
M00318,2023-10-01,Affiliate,ES,Affiliate_ES_2023_10,1549.51,169624,4875
M00319,2023-10-01,Affiliate,IT,Affiliate_IT_2023_10,2622.07,340132,9686
M00320,2023-10-01,Affiliate,PL,Affiliate_PL_2023_10,3741.01,325309,8078
M00321,2023-11-01,Paid Search,FI,Paid_Search_FI_2023_11,1373.82,102376,1275
M00322,2023-11-01,Paid Search,SE,Paid_Search_SE_2023_11,4079.36,320677,11919
M00323,2023-11-01,Paid Search,DE,Paid_Search_DE_2023_11,3569.47,311572,10677
M00324,2023-11-01,Paid Search,NL,Paid_Search_NL_2023_11,2020.45,251351,10453
M00325,2023-11-01,Paid Search,FR,Paid_Search_FR_2023_11,4269.81,342971,7037
M00326,2023-11-01,Paid Search,ES,Paid_Search_ES_2023_11,2545.09,329109,9268
M00327,2023-11-01,Paid Search,IT,Paid_Search_IT_2023_11,4554.6,451089,18679
M00328,2023-11-01,Paid Search,PL,Paid_Search_PL_2023_11,3724.3,421361,9277
M00329,2023-11-01,Social,FI,Social_FI_2023_11,5634.23,345907,11117
M00330,2023-11-01,Social,SE,Social_SE_2023_11,1536.06,118803,3752
M00331,2023-11-01,Social,DE,Social_DE_2023_11,2696.46,305710,12533
M00332,2023-11-01,Social,NL,Social_NL_2023_11,4274.33,521883,13199
M00333,2023-11-01,Social,FR,Social_FR_2023_11,5000.27,344322,11430
M00334,2023-11-01,Social,ES,Social_ES_2023_11,2518.94,294607,13209
M00335,2023-11-01,Social,IT,Social_IT_2023_11,1861.83,85373,1225
M00336,2023-11-01,Social,PL,Social_PL_2023_11,5210.67,618001,21302
M00337,2023-11-01,Email,FI,Email_FI_2023_11,1463.39,147871,2494
M00338,2023-11-01,Email,SE,Email_SE_2023_11,3482.83,427686,17255
M00339,2023-11-01,Email,DE,Email_DE_2023_11,3258.88,213063,6068
M00340,2023-11-01,Email,NL,Email_NL_2023_11,6193.06,425426,8480
M00341,2023-11-01,Email,FR,Email_FR_2023_11,4687.44,381394,10631
M00342,2023-11-01,Email,ES,Email_ES_2023_11,2369.84,145491,6084
M00343,2023-11-01,Email,IT,Email_IT_2023_11,3504.86,423290,15783
M00344,2023-11-01,Email,PL,Email_PL_2023_11,4266.75,230964,6596
M00345,2023-11-01,Affiliate,FI,Affiliate_FI_2023_11,4152.18,323240,9512
M00346,2023-11-01,Affiliate,SE,Affiliate_SE_2023_11,4042.28,253965,7225
M00347,2023-11-01,Affiliate,DE,Affiliate_DE_2023_11,2356.09,115029,3437
M00348,2023-11-01,Affiliate,NL,Affiliate_NL_2023_11,1565.71,128674,3054
M00349,2023-11-01,Affiliate,FR,Affiliate_FR_2023_11,5377.9,602979,11610
M00350,2023-11-01,Affiliate,ES,Affiliate_ES_2023_11,3274.36,279511,4810
M00351,2023-11-01,Affiliate,IT,Affiliate_IT_2023_11,2418.71,218510,4111
M00352,2023-11-01,Affiliate,PL,Affiliate_PL_2023_11,3873.01,357375,6251
M00353,2023-12-01,Paid Search,FI,Paid_Search_FI_2023_12,2627.55,323001,5158
M00354,2023-12-01,Paid Search,SE,Paid_Search_SE_2023_12,1838.44,237860,2976
M00355,2023-12-01,Paid Search,DE,Paid_Search_DE_2023_12,1889.34,132286,5561
M00356,2023-12-01,Paid Search,NL,Paid_Search_NL_2023_12,2379.43,290946,9059
M00357,2023-12-01,Paid Search,FR,Paid_Search_FR_2023_12,3082.01,189025,6779
M00358,2023-12-01,Paid Search,ES,Paid_Search_ES_2023_12,2926.88,306426,4086
M00359,2023-12-01,Paid Search,IT,Paid_Search_IT_2023_12,4500.6,391163,12460
M00360,2023-12-01,Paid Search,PL,Paid_Search_PL_2023_12,3186.92,400651,16034
M00361,2023-12-01,Social,FI,Social_FI_2023_12,4582.57,474309,6148
M00362,2023-12-01,Social,SE,Social_SE_2023_12,2349.85,254812,9613
M00363,2023-12-01,Social,DE,Social_DE_2023_12,1470.22,125139,1720
M00364,2023-12-01,Social,NL,Social_NL_2023_12,1921.13,112028,2914
M00365,2023-12-01,Social,FR,Social_FR_2023_12,5722.41,721669,15828
M00366,2023-12-01,Social,ES,Social_ES_2023_12,5091.62,480779,12976
M00367,2023-12-01,Social,IT,Social_IT_2023_12,5428.52,669554,11846
M00368,2023-12-01,Social,PL,Social_PL_2023_12,6106.47,489614,9799
M00369,2023-12-01,Email,FI,Email_FI_2023_12,3419.31,434611,6313
M00370,2023-12-01,Email,SE,Email_SE_2023_12,3567.1,316106,6531
M00371,2023-12-01,Email,DE,Email_DE_2023_12,3065.68,287899,9070
M00372,2023-12-01,Email,NL,Email_NL_2023_12,2820.25,316759,6013
M00373,2023-12-01,Email,FR,Email_FR_2023_12,4862.58,402037,14457
M00374,2023-12-01,Email,ES,Email_ES_2023_12,1632.08,85049,3386
M00375,2023-12-01,Email,IT,Email_IT_2023_12,5825.73,582608,17163
M00376,2023-12-01,Email,PL,Email_PL_2023_12,3942.3,318028,11843
M00377,2023-12-01,Affiliate,FI,Affiliate_FI_2023_12,4927.25,389757,17133
M00378,2023-12-01,Affiliate,SE,Affiliate_SE_2023_12,3601.34,257142,4693
M00379,2023-12-01,Affiliate,DE,Affiliate_DE_2023_12,5512.96,389210,7969
M00380,2023-12-01,Affiliate,NL,Affiliate_NL_2023_12,3050.3,349986,8969
M00381,2023-12-01,Affiliate,FR,Affiliate_FR_2023_12,3688.43,269203,10236
M00382,2023-12-01,Affiliate,ES,Affiliate_ES_2023_12,5832.27,347881,11330
M00383,2023-12-01,Affiliate,IT,Affiliate_IT_2023_12,2384.34,181659,6068
M00384,2023-12-01,Affiliate,PL,Affiliate_PL_2023_12,6028.74,764914,24676
M00385,2024-01-01,Paid Search,FI,Paid_Search_FI_2024_01,3406.59,382994,8577
M00386,2024-01-01,Paid Search,SE,Paid_Search_SE_2024_01,2602.73,118595,2524
M00387,2024-01-01,Paid Search,DE,Paid_Search_DE_2024_01,1924.89,98569,3500
M00388,2024-01-01,Paid Search,NL,Paid_Search_NL_2024_01,1443.74,161340,7053
M00389,2024-01-01,Paid Search,FR,Paid_Search_FR_2024_01,3068.89,173257,3336
M00390,2024-01-01,Paid Search,ES,Paid_Search_ES_2024_01,3243.52,377109,12493
M00391,2024-01-01,Paid Search,IT,Paid_Search_IT_2024_01,3685.02,306129,11353
M00392,2024-01-01,Paid Search,PL,Paid_Search_PL_2024_01,2410.49,111215,4944
M00393,2024-01-01,Social,FI,Social_FI_2024_01,3811.43,374602,13465
M00394,2024-01-01,Social,SE,Social_SE_2024_01,2928.7,170008,5232
M00395,2024-01-01,Social,DE,Social_DE_2024_01,1571.15,152766,5820
M00396,2024-01-01,Social,NL,Social_NL_2024_01,3702.02,193716,5096
M00397,2024-01-01,Social,FR,Social_FR_2024_01,3854.05,337049,8662
M00398,2024-01-01,Social,ES,Social_ES_2024_01,3280.83,320872,9251
M00399,2024-01-01,Social,IT,Social_IT_2024_01,2744.56,277524,5254
M00400,2024-01-01,Social,PL,Social_PL_2024_01,3109.75,198223,5304
M00401,2024-01-01,Email,FI,Email_FI_2024_01,2377.03,186875,2729
M00402,2024-01-01,Email,SE,Email_SE_2024_01,2633.91,258851,8901
M00403,2024-01-01,Email,DE,Email_DE_2024_01,3951.66,401567,12982
M00404,2024-01-01,Email,NL,Email_NL_2024_01,2537.95,223594,5013
M00405,2024-01-01,Email,FR,Email_FR_2024_01,3598.91,229862,6613
M00406,2024-01-01,Email,ES,Email_ES_2024_01,3385.74,200895,7893
M00407,2024-01-01,Email,IT,Email_IT_2024_01,3810.3,244260,4999
M00408,2024-01-01,Email,PL,Email_PL_2024_01,2247.89,272585,8966
M00409,2024-01-01,Affiliate,FI,Affiliate_FI_2024_01,2848.93,136230,3156
M00410,2024-01-01,Affiliate,SE,Affiliate_SE_2024_01,3582.06,164920,3813
M00411,2024-01-01,Affiliate,DE,Affiliate_DE_2024_01,3830.58,493015,11709
M00412,2024-01-01,Affiliate,NL,Affiliate_NL_2024_01,2815.31,235846,5049
M00413,2024-01-01,Affiliate,FR,Affiliate_FR_2024_01,2567.38,134018,3315
M00414,2024-01-01,Affiliate,ES,Affiliate_ES_2024_01,1688.4,89680,1523
M00415,2024-01-01,Affiliate,IT,Affiliate_IT_2024_01,2844.07,331057,4768
M00416,2024-01-01,Affiliate,PL,Affiliate_PL_2024_01,3650.55,448607,10565
M00417,2024-02-01,Paid Search,FI,Paid_Search_FI_2024_02,2975.65,354639,11299
M00418,2024-02-01,Paid Search,SE,Paid_Search_SE_2024_02,2940.45,308762,6794
M00419,2024-02-01,Paid Search,DE,Paid_Search_DE_2024_02,1919.03,240547,6675
M00420,2024-02-01,Paid Search,NL,Paid_Search_NL_2024_02,1749.84,109020,2288
M00421,2024-02-01,Paid Search,FR,Paid_Search_FR_2024_02,2606.49,181309,3779
M00422,2024-02-01,Paid Search,ES,Paid_Search_ES_2024_02,1330.3,161657,2074
M00423,2024-02-01,Paid Search,IT,Paid_Search_IT_2024_02,3170.91,356524,10004
M00424,2024-02-01,Paid Search,PL,Paid_Search_PL_2024_02,2568.67,149680,5100
M00425,2024-02-01,Social,FI,Social_FI_2024_02,4057.73,505851,13299
M00426,2024-02-01,Social,SE,Social_SE_2024_02,2777.88,161120,3477
M00427,2024-02-01,Social,DE,Social_DE_2024_02,2794.64,273541,11122
M00428,2024-02-01,Social,NL,Social_NL_2024_02,1143.96,80080,3112
M00429,2024-02-01,Social,FR,Social_FR_2024_02,1624.37,200310,8350
M00430,2024-02-01,Social,ES,Social_ES_2024_02,2051.52,179294,6108
M00431,2024-02-01,Social,IT,Social_IT_2024_02,1369.54,132173,5214
M00432,2024-02-01,Social,PL,Social_PL_2024_02,2597.62,156928,3780
M00433,2024-02-01,Email,FI,Email_FI_2024_02,2431.37,215778,8435
M00434,2024-02-01,Email,SE,Email_SE_2024_02,2142.94,123507,5198
M00435,2024-02-01,Email,DE,Email_DE_2024_02,4070.98,392748,9019
M00436,2024-02-01,Email,NL,Email_NL_2024_02,2697.19,180079,7185
M00437,2024-02-01,Email,FR,Email_FR_2024_02,2827.75,220471,6724
M00438,2024-02-01,Email,ES,Email_ES_2024_02,3755.76,341936,5090
M00439,2024-02-01,Email,IT,Email_IT_2024_02,4170.03,387682,5242
M00440,2024-02-01,Email,PL,Email_PL_2024_02,2987.81,365376,6626
M00441,2024-02-01,Affiliate,FI,Affiliate_FI_2024_02,3262.91,299804,3701
M00442,2024-02-01,Affiliate,SE,Affiliate_SE_2024_02,2422.47,293133,5334
M00443,2024-02-01,Affiliate,DE,Affiliate_DE_2024_02,1960.21,159542,2928
M00444,2024-02-01,Affiliate,NL,Affiliate_NL_2024_02,2762.07,251948,9346
M00445,2024-02-01,Affiliate,FR,Affiliate_FR_2024_02,2297.35,218669,8003
M00446,2024-02-01,Affiliate,ES,Affiliate_ES_2024_02,1063.82,95487,1538
M00447,2024-02-01,Affiliate,IT,Affiliate_IT_2024_02,4055.16,349905,12538
M00448,2024-02-01,Affiliate,PL,Affiliate_PL_2024_02,4173.86,282548,3601
M00449,2024-03-01,Paid Search,FI,Paid_Search_FI_2024_03,4119.59,272989,4206
M00450,2024-03-01,Paid Search,SE,Paid_Search_SE_2024_03,3193.58,378610,12137
M00451,2024-03-01,Paid Search,DE,Paid_Search_DE_2024_03,1106.43,140647,4914
M00452,2024-03-01,Paid Search,NL,Paid_Search_NL_2024_03,3414.12,158485,6847
M00453,2024-03-01,Paid Search,FR,Paid_Search_FR_2024_03,2999.66,191993,6914
M00454,2024-03-01,Paid Search,ES,Paid_Search_ES_2024_03,4119.25,384369,10466
M00455,2024-03-01,Paid Search,IT,Paid_Search_IT_2024_03,1474.51,116710,2732
M00456,2024-03-01,Paid Search,PL,Paid_Search_PL_2024_03,1600.44,137277,1983
M00457,2024-03-01,Social,FI,Social_FI_2024_03,2437.8,120250,4555
M00458,2024-03-01,Social,SE,Social_SE_2024_03,1581.28,148936,2817
M00459,2024-03-01,Social,DE,Social_DE_2024_03,2528.61,273267,4431
M00460,2024-03-01,Social,NL,Social_NL_2024_03,3469.51,234696,8863
M00461,2024-03-01,Social,FR,Social_FR_2024_03,1982.36,202178,3901
M00462,2024-03-01,Social,ES,Social_ES_2024_03,1620.9,88934,3944
M00463,2024-03-01,Social,IT,Social_IT_2024_03,904.51,53768,908
M00464,2024-03-01,Social,PL,Social_PL_2024_03,3681.32,419195,16359
M00465,2024-03-01,Email,FI,Email_FI_2024_03,3646.9,358773,13887
M00466,2024-03-01,Email,SE,Email_SE_2024_03,3793.24,199478,6111
M00467,2024-03-01,Email,DE,Email_DE_2024_03,1959.56,214027,4200
M00468,2024-03-01,Email,NL,Email_NL_2024_03,1656.91,172083,3832
M00469,2024-03-01,Email,FR,Email_FR_2024_03,3762.6,323095,13336
M00470,2024-03-01,Email,ES,Email_ES_2024_03,1707.74,181499,5954
M00471,2024-03-01,Email,IT,Email_IT_2024_03,1733.29,148224,5861
M00472,2024-03-01,Email,PL,Email_PL_2024_03,2481.14,132289,5501
M00473,2024-03-01,Affiliate,FI,Affiliate_FI_2024_03,3849.13,232014,6785
M00474,2024-03-01,Affiliate,SE,Affiliate_SE_2024_03,2408.47,263512,11054
M00475,2024-03-01,Affiliate,DE,Affiliate_DE_2024_03,2685.1,185499,4947
M00476,2024-03-01,Affiliate,NL,Affiliate_NL_2024_03,3726.5,232644,4019
M00477,2024-03-01,Affiliate,FR,Affiliate_FR_2024_03,2931.81,322814,3987
M00478,2024-03-01,Affiliate,ES,Affiliate_ES_2024_03,1265.44,106559,1593
M00479,2024-03-01,Affiliate,IT,Affiliate_IT_2024_03,3148.04,270132,11458
M00480,2024-03-01,Affiliate,PL,Affiliate_PL_2024_03,2668.54,296952,12590
M00481,2024-04-01,Paid Search,FI,Paid_Search_FI_2024_04,2492.66,152417,4814
M00482,2024-04-01,Paid Search,SE,Paid_Search_SE_2024_04,1351.09,97563,3835
M00483,2024-04-01,Paid Search,DE,Paid_Search_DE_2024_04,1422.5,153012,2856
M00484,2024-04-01,Paid Search,NL,Paid_Search_NL_2024_04,1067.96,95685,2050
M00485,2024-04-01,Paid Search,FR,Paid_Search_FR_2024_04,2002.05,197485,8516
M00486,2024-04-01,Paid Search,ES,Paid_Search_ES_2024_04,3208.61,241718,4532
M00487,2024-04-01,Paid Search,IT,Paid_Search_IT_2024_04,1533.68,95981,3148
M00488,2024-04-01,Paid Search,PL,Paid_Search_PL_2024_04,1363.49,157194,4573
M00489,2024-04-01,Social,FI,Social_FI_2024_04,1756.86,222478,7197
M00490,2024-04-01,Social,SE,Social_SE_2024_04,3362.93,289884,7419
M00491,2024-04-01,Social,DE,Social_DE_2024_04,3903.03,419056,8400
M00492,2024-04-01,Social,NL,Social_NL_2024_04,1930.35,132498,3940
M00493,2024-04-01,Social,FR,Social_FR_2024_04,3217.1,339606,12711
M00494,2024-04-01,Social,ES,Social_ES_2024_04,3083.07,174708,6056
M00495,2024-04-01,Social,IT,Social_IT_2024_04,2518.14,203535,7223
M00496,2024-04-01,Social,PL,Social_PL_2024_04,4188.87,360797,14100
M00497,2024-04-01,Email,FI,Email_FI_2024_04,3833.56,290262,4138
M00498,2024-04-01,Email,SE,Email_SE_2024_04,1145.7,61331,2269
M00499,2024-04-01,Email,DE,Email_DE_2024_04,3569.03,307822,3936
M00500,2024-04-01,Email,NL,Email_NL_2024_04,1094.66,122154,3295
M00501,2024-04-01,Email,FR,Email_FR_2024_04,4054.74,281427,11445
M00502,2024-04-01,Email,ES,Email_ES_2024_04,3507.06,190251,6495
M00503,2024-04-01,Email,IT,Email_IT_2024_04,3803.94,429087,12958
M00504,2024-04-01,Email,PL,Email_PL_2024_04,3134.83,292966,11267
M00505,2024-04-01,Affiliate,FI,Affiliate_FI_2024_04,2209.04,234304,7607
M00506,2024-04-01,Affiliate,SE,Affiliate_SE_2024_04,4150.42,188334,8324
M00507,2024-04-01,Affiliate,DE,Affiliate_DE_2024_04,1974.79,99643,1739
M00508,2024-04-01,Affiliate,NL,Affiliate_NL_2024_04,3203.28,327943,12114
M00509,2024-04-01,Affiliate,FR,Affiliate_FR_2024_04,2906.72,213012,8752
M00510,2024-04-01,Affiliate,ES,Affiliate_ES_2024_04,3239.15,360211,13879
M00511,2024-04-01,Affiliate,IT,Affiliate_IT_2024_04,2583.78,222116,3082
M00512,2024-04-01,Affiliate,PL,Affiliate_PL_2024_04,2825.72,245373,5439
M00513,2024-05-01,Paid Search,FI,Paid_Search_FI_2024_05,2939.95,212150,4932
M00514,2024-05-01,Paid Search,SE,Paid_Search_SE_2024_05,1066.94,116361,1812
M00515,2024-05-01,Paid Search,DE,Paid_Search_DE_2024_05,1210.48,157087,5238
M00516,2024-05-01,Paid Search,NL,Paid_Search_NL_2024_05,2280.99,214512,4645
M00517,2024-05-01,Paid Search,FR,Paid_Search_FR_2024_05,3356.97,397721,9815
M00518,2024-05-01,Paid Search,ES,Paid_Search_ES_2024_05,3005.65,386657,10306
M00519,2024-05-01,Paid Search,IT,Paid_Search_IT_2024_05,2575.86,195331,4566
M00520,2024-05-01,Paid Search,PL,Paid_Search_PL_2024_05,4655.1,248906,7175
M00521,2024-05-01,Social,FI,Social_FI_2024_05,1159.23,97104,3083
M00522,2024-05-01,Social,SE,Social_SE_2024_05,2472.49,131986,5838
M00523,2024-05-01,Social,DE,Social_DE_2024_05,3648.85,374985,13726
M00524,2024-05-01,Social,NL,Social_NL_2024_05,3326.06,296659,12937
M00525,2024-05-01,Social,FR,Social_FR_2024_05,3849.5,268523,11766
M00526,2024-05-01,Social,ES,Social_ES_2024_05,1594.08,164419,3898
M00527,2024-05-01,Social,IT,Social_IT_2024_05,4150.17,419450,9817
M00528,2024-05-01,Social,PL,Social_PL_2024_05,2252.27,203888,4352
M00529,2024-05-01,Email,FI,Email_FI_2024_05,1114.98,137085,5216
M00530,2024-05-01,Email,SE,Email_SE_2024_05,4427.53,468681,15553
M00531,2024-05-01,Email,DE,Email_DE_2024_05,1959.28,253563,6791
M00532,2024-05-01,Email,NL,Email_NL_2024_05,1890.71,169073,4179
M00533,2024-05-01,Email,FR,Email_FR_2024_05,1576.56,85566,1982
M00534,2024-05-01,Email,ES,Email_ES_2024_05,2606.97,250737,9647
M00535,2024-05-01,Email,IT,Email_IT_2024_05,1809.46,121634,4554
M00536,2024-05-01,Email,PL,Email_PL_2024_05,2092.18,97112,3580
M00537,2024-05-01,Affiliate,FI,Affiliate_FI_2024_05,4207.99,429740,18890
M00538,2024-05-01,Affiliate,SE,Affiliate_SE_2024_05,1086.14,62399,1027
M00539,2024-05-01,Affiliate,DE,Affiliate_DE_2024_05,1599.96,113181,5072
M00540,2024-05-01,Affiliate,NL,Affiliate_NL_2024_05,1938.67,91394,3860
M00541,2024-05-01,Affiliate,FR,Affiliate_FR_2024_05,2594.5,278929,10378
M00542,2024-05-01,Affiliate,ES,Affiliate_ES_2024_05,4341.19,346151,15226
M00543,2024-05-01,Affiliate,IT,Affiliate_IT_2024_05,4331.37,248972,7520
M00544,2024-05-01,Affiliate,PL,Affiliate_PL_2024_05,3991.26,513258,6359
M00545,2024-06-01,Paid Search,FI,Paid_Search_FI_2024_06,2805.98,170362,5799
M00546,2024-06-01,Paid Search,SE,Paid_Search_SE_2024_06,1106.04,101548,2504
M00547,2024-06-01,Paid Search,DE,Paid_Search_DE_2024_06,3613.8,187147,7090
M00548,2024-06-01,Paid Search,NL,Paid_Search_NL_2024_06,3633.83,390427,13069
M00549,2024-06-01,Paid Search,FR,Paid_Search_FR_2024_06,3141.08,266503,9463
M00550,2024-06-01,Paid Search,ES,Paid_Search_ES_2024_06,4621.37,586189,13084
M00551,2024-06-01,Paid Search,IT,Paid_Search_IT_2024_06,1464.55,87890,1328
M00552,2024-06-01,Paid Search,PL,Paid_Search_PL_2024_06,2371.07,144232,2114
M00553,2024-06-01,Social,FI,Social_FI_2024_06,2516.48,290038,8548
M00554,2024-06-01,Social,SE,Social_SE_2024_06,2615.52,152963,4839
M00555,2024-06-01,Social,DE,Social_DE_2024_06,4582.37,213108,3015
M00556,2024-06-01,Social,NL,Social_NL_2024_06,1591.48,201558,8635
M00557,2024-06-01,Social,FR,Social_FR_2024_06,4617.58,456949,18680
M00558,2024-06-01,Social,ES,Social_ES_2024_06,3297.25,224666,7048
M00559,2024-06-01,Social,IT,Social_IT_2024_06,4396.1,321585,5073
M00560,2024-06-01,Social,PL,Social_PL_2024_06,4661.18,304257,7541
M00561,2024-06-01,Email,FI,Email_FI_2024_06,2031.05,191191,3829
M00562,2024-06-01,Email,SE,Email_SE_2024_06,3986.07,278018,3457
M00563,2024-06-01,Email,DE,Email_DE_2024_06,3316.96,256187,5242
M00564,2024-06-01,Email,NL,Email_NL_2024_06,3754.2,297368,10833
M00565,2024-06-01,Email,FR,Email_FR_2024_06,2629.72,209392,5504
M00566,2024-06-01,Email,ES,Email_ES_2024_06,2141.48,163458,4989
M00567,2024-06-01,Email,IT,Email_IT_2024_06,3592.79,461117,12264
M00568,2024-06-01,Email,PL,Email_PL_2024_06,2017.62,249871,4287
M00569,2024-06-01,Affiliate,FI,Affiliate_FI_2024_06,2735.26,243654,3472
M00570,2024-06-01,Affiliate,SE,Affiliate_SE_2024_06,4423.59,428326,15631
M00571,2024-06-01,Affiliate,DE,Affiliate_DE_2024_06,2439.15,116448,3866
M00572,2024-06-01,Affiliate,NL,Affiliate_NL_2024_06,4082.41,316765,11567
M00573,2024-06-01,Affiliate,FR,Affiliate_FR_2024_06,4040.27,398880,9729
M00574,2024-06-01,Affiliate,ES,Affiliate_ES_2024_06,2679.84,222604,3770
M00575,2024-06-01,Affiliate,IT,Affiliate_IT_2024_06,4259.92,241185,4289
M00576,2024-06-01,Affiliate,PL,Affiliate_PL_2024_06,3619.24,244031,10477
M00577,2024-07-01,Paid Search,FI,Paid_Search_FI_2024_07,3805.23,460872,8775
M00578,2024-07-01,Paid Search,SE,Paid_Search_SE_2024_07,4154.52,414323,14891
M00579,2024-07-01,Paid Search,DE,Paid_Search_DE_2024_07,2037.29,94669,4127
M00580,2024-07-01,Paid Search,NL,Paid_Search_NL_2024_07,1402.97,67670,920
M00581,2024-07-01,Paid Search,FR,Paid_Search_FR_2024_07,1173.52,134009,5841
M00582,2024-07-01,Paid Search,ES,Paid_Search_ES_2024_07,1548.13,95612,2069
M00583,2024-07-01,Paid Search,IT,Paid_Search_IT_2024_07,4081.13,379492,13686
M00584,2024-07-01,Paid Search,PL,Paid_Search_PL_2024_07,2590.63,309638,3727
M00585,2024-07-01,Social,FI,Social_FI_2024_07,3310.95,176895,5196
M00586,2024-07-01,Social,SE,Social_SE_2024_07,2602.12,117524,2426
M00587,2024-07-01,Social,DE,Social_DE_2024_07,2666.25,204841,4991
M00588,2024-07-01,Social,NL,Social_NL_2024_07,3220.87,327262,12853
M00589,2024-07-01,Social,FR,Social_FR_2024_07,1716.61,106758,3013
M00590,2024-07-01,Social,ES,Social_ES_2024_07,2325.37,258402,4117
M00591,2024-07-01,Social,IT,Social_IT_2024_07,3988.31,245427,9244
M00592,2024-07-01,Social,PL,Social_PL_2024_07,1606.02,122597,2721
M00593,2024-07-01,Email,FI,Email_FI_2024_07,3465.2,256157,3627
M00594,2024-07-01,Email,SE,Email_SE_2024_07,3779.66,217804,6906
M00595,2024-07-01,Email,DE,Email_DE_2024_07,2725.43,148647,2138
M00596,2024-07-01,Email,NL,Email_NL_2024_07,4168.33,452693,9593
M00597,2024-07-01,Email,FR,Email_FR_2024_07,1021.59,118256,2684
M00598,2024-07-01,Email,ES,Email_ES_2024_07,2637.24,275828,9238
M00599,2024-07-01,Email,IT,Email_IT_2024_07,2391.92,214346,8831
M00600,2024-07-01,Email,PL,Email_PL_2024_07,3098.18,218605,9619
M00601,2024-07-01,Affiliate,FI,Affiliate_FI_2024_07,3984.04,437592,9737
M00602,2024-07-01,Affiliate,SE,Affiliate_SE_2024_07,981.88,94471,2671
M00603,2024-07-01,Affiliate,DE,Affiliate_DE_2024_07,1359.78,129914,3588
M00604,2024-07-01,Affiliate,NL,Affiliate_NL_2024_07,1663.39,178085,6323
M00605,2024-07-01,Affiliate,FR,Affiliate_FR_2024_07,3064.11,240361,6575
M00606,2024-07-01,Affiliate,ES,Affiliate_ES_2024_07,2771.24,255633,8566
M00607,2024-07-01,Affiliate,IT,Affiliate_IT_2024_07,4150.43,247830,9249
M00608,2024-07-01,Affiliate,PL,Affiliate_PL_2024_07,2284.2,169534,5422
M00609,2024-08-01,Paid Search,FI,Paid_Search_FI_2024_08,2697.83,245571,8435
M00610,2024-08-01,Paid Search,SE,Paid_Search_SE_2024_08,1418.46,120755,3947
M00611,2024-08-01,Paid Search,DE,Paid_Search_DE_2024_08,4166.71,515820,18788
M00612,2024-08-01,Paid Search,NL,Paid_Search_NL_2024_08,2630.94,219066,9775
M00613,2024-08-01,Paid Search,FR,Paid_Search_FR_2024_08,2340.38,291382,9959
M00614,2024-08-01,Paid Search,ES,Paid_Search_ES_2024_08,3839.28,337517,8649
M00615,2024-08-01,Paid Search,IT,Paid_Search_IT_2024_08,2910.67,259683,9883
M00616,2024-08-01,Paid Search,PL,Paid_Search_PL_2024_08,2600.23,189941,6675
M00617,2024-08-01,Social,FI,Social_FI_2024_08,3225.0,378129,9314
M00618,2024-08-01,Social,SE,Social_SE_2024_08,2886.69,201342,6411
M00619,2024-08-01,Social,DE,Social_DE_2024_08,3188.36,228433,4984
M00620,2024-08-01,Social,NL,Social_NL_2024_08,1065.21,112571,1478
M00621,2024-08-01,Social,FR,Social_FR_2024_08,1582.33,155785,4395
M00622,2024-08-01,Social,ES,Social_ES_2024_08,1955.92,227017,6046
M00623,2024-08-01,Social,IT,Social_IT_2024_08,2943.69,376524,14855
M00624,2024-08-01,Social,PL,Social_PL_2024_08,3100.58,341135,8490
M00625,2024-08-01,Email,FI,Email_FI_2024_08,4067.65,358737,13685
M00626,2024-08-01,Email,SE,Email_SE_2024_08,964.8,97845,3085
M00627,2024-08-01,Email,DE,Email_DE_2024_08,1631.93,104912,3241
M00628,2024-08-01,Email,NL,Email_NL_2024_08,2165.38,243119,10553
M00629,2024-08-01,Email,FR,Email_FR_2024_08,2774.88,272529,11225
M00630,2024-08-01,Email,ES,Email_ES_2024_08,3089.83,309399,7311
M00631,2024-08-01,Email,IT,Email_IT_2024_08,1609.66,175621,3279
M00632,2024-08-01,Email,PL,Email_PL_2024_08,2565.98,241595,8719
M00633,2024-08-01,Affiliate,FI,Affiliate_FI_2024_08,2821.63,182301,6095
M00634,2024-08-01,Affiliate,SE,Affiliate_SE_2024_08,1477.53,119025,2495
M00635,2024-08-01,Affiliate,DE,Affiliate_DE_2024_08,3290.55,390271,7073
M00636,2024-08-01,Affiliate,NL,Affiliate_NL_2024_08,2448.14,260360,3700
M00637,2024-08-01,Affiliate,FR,Affiliate_FR_2024_08,1951.38,163379,3841
M00638,2024-08-01,Affiliate,ES,Affiliate_ES_2024_08,1486.41,138489,5380
M00639,2024-08-01,Affiliate,IT,Affiliate_IT_2024_08,2593.06,335773,7720
M00640,2024-08-01,Affiliate,PL,Affiliate_PL_2024_08,1432.35,71126,2010
M00641,2024-09-01,Paid Search,FI,Paid_Search_FI_2024_09,927.0,57236,1771
M00642,2024-09-01,Paid Search,SE,Paid_Search_SE_2024_09,2140.61,122113,1800
M00643,2024-09-01,Paid Search,DE,Paid_Search_DE_2024_09,1719.33,136898,5404
M00644,2024-09-01,Paid Search,NL,Paid_Search_NL_2024_09,2689.94,148865,4356
M00645,2024-09-01,Paid Search,FR,Paid_Search_FR_2024_09,4046.55,345887,10567
M00646,2024-09-01,Paid Search,ES,Paid_Search_ES_2024_09,2413.18,227977,7509
M00647,2024-09-01,Paid Search,IT,Paid_Search_IT_2024_09,1935.79,175496,6482
M00648,2024-09-01,Paid Search,PL,Paid_Search_PL_2024_09,3786.66,307764,7979
M00649,2024-09-01,Social,FI,Social_FI_2024_09,2135.85,234329,8794
M00650,2024-09-01,Social,SE,Social_SE_2024_09,1745.35,131119,5719
M00651,2024-09-01,Social,DE,Social_DE_2024_09,2960.16,356365,7959
M00652,2024-09-01,Social,NL,Social_NL_2024_09,989.37,125588,3296
M00653,2024-09-01,Social,FR,Social_FR_2024_09,2528.24,261874,8612
M00654,2024-09-01,Social,ES,Social_ES_2024_09,2177.59,222503,6929
M00655,2024-09-01,Social,IT,Social_IT_2024_09,2833.36,280239,12466
M00656,2024-09-01,Social,PL,Social_PL_2024_09,2166.94,188025,8408
M00657,2024-09-01,Email,FI,Email_FI_2024_09,2416.73,217834,7197
M00658,2024-09-01,Email,SE,Email_SE_2024_09,3627.7,246173,5348
M00659,2024-09-01,Email,DE,Email_DE_2024_09,1715.46,186624,7500
M00660,2024-09-01,Email,NL,Email_NL_2024_09,3580.1,185253,5527
M00661,2024-09-01,Email,FR,Email_FR_2024_09,1765.89,129506,5248
M00662,2024-09-01,Email,ES,Email_ES_2024_09,2246.06,263521,10339
M00663,2024-09-01,Email,IT,Email_IT_2024_09,2488.85,209428,2974
M00664,2024-09-01,Email,PL,Email_PL_2024_09,2778.0,354915,7934
M00665,2024-09-01,Affiliate,FI,Affiliate_FI_2024_09,1657.29,201483,8443
M00666,2024-09-01,Affiliate,SE,Affiliate_SE_2024_09,2101.46,244509,9599
M00667,2024-09-01,Affiliate,DE,Affiliate_DE_2024_09,2514.91,199814,3520
M00668,2024-09-01,Affiliate,NL,Affiliate_NL_2024_09,1983.89,113562,4249
M00669,2024-09-01,Affiliate,FR,Affiliate_FR_2024_09,2629.69,284676,11266
M00670,2024-09-01,Affiliate,ES,Affiliate_ES_2024_09,1516.96,176073,7291
M00671,2024-09-01,Affiliate,IT,Affiliate_IT_2024_09,3897.45,345370,7297
M00672,2024-09-01,Affiliate,PL,Affiliate_PL_2024_09,2453.69,141416,3458
M00673,2024-10-01,Paid Search,FI,Paid_Search_FI_2024_10,1568.92,101512,3977
M00674,2024-10-01,Paid Search,SE,Paid_Search_SE_2024_10,1179.7,127519,3558
M00675,2024-10-01,Paid Search,DE,Paid_Search_DE_2024_10,3779.45,199376,6615
M00676,2024-10-01,Paid Search,NL,Paid_Search_NL_2024_10,1302.96,69236,1533
M00677,2024-10-01,Paid Search,FR,Paid_Search_FR_2024_10,1641.53,170483,2583
M00678,2024-10-01,Paid Search,ES,Paid_Search_ES_2024_10,3243.89,344636,4840
M00679,2024-10-01,Paid Search,IT,Paid_Search_IT_2024_10,1832.14,110763,2397
M00680,2024-10-01,Paid Search,PL,Paid_Search_PL_2024_10,2928.76,178866,4968
M00681,2024-10-01,Social,FI,Social_FI_2024_10,2670.44,120762,2321
M00682,2024-10-01,Social,SE,Social_SE_2024_10,2593.0,196363,2852
M00683,2024-10-01,Social,DE,Social_DE_2024_10,3661.71,296938,8900
M00684,2024-10-01,Social,NL,Social_NL_2024_10,1848.51,210761,6246
M00685,2024-10-01,Social,FR,Social_FR_2024_10,1291.27,125370,3350
M00686,2024-10-01,Social,ES,Social_ES_2024_10,3504.12,167805,5278
M00687,2024-10-01,Social,IT,Social_IT_2024_10,4134.71,486753,15975
M00688,2024-10-01,Social,PL,Social_PL_2024_10,2065.18,234893,3137
M00689,2024-10-01,Email,FI,Email_FI_2024_10,1844.24,224049,3111
M00690,2024-10-01,Email,SE,Email_SE_2024_10,2980.02,288161,10876
M00691,2024-10-01,Email,DE,Email_DE_2024_10,1512.67,124956,3612
M00692,2024-10-01,Email,NL,Email_NL_2024_10,1115.22,89851,1901
M00693,2024-10-01,Email,FR,Email_FR_2024_10,3632.3,225276,5430
M00694,2024-10-01,Email,ES,Email_ES_2024_10,1096.84,58808,1888
M00695,2024-10-01,Email,IT,Email_IT_2024_10,1959.78,165508,5108
M00696,2024-10-01,Email,PL,Email_PL_2024_10,1700.31,93482,2907
M00697,2024-10-01,Affiliate,FI,Affiliate_FI_2024_10,3853.99,438486,18961
M00698,2024-10-01,Affiliate,SE,Affiliate_SE_2024_10,2842.66,238570,5787
M00699,2024-10-01,Affiliate,DE,Affiliate_DE_2024_10,2754.66,132735,1715
M00700,2024-10-01,Affiliate,NL,Affiliate_NL_2024_10,2965.1,152837,4598
M00701,2024-10-01,Affiliate,FR,Affiliate_FR_2024_10,2116.18,198014,7153
M00702,2024-10-01,Affiliate,ES,Affiliate_ES_2024_10,3365.31,418245,8136
M00703,2024-10-01,Affiliate,IT,Affiliate_IT_2024_10,3434.39,404949,7721
M00704,2024-10-01,Affiliate,PL,Affiliate_PL_2024_10,1029.66,63832,1879
M00705,2024-11-01,Paid Search,FI,Paid_Search_FI_2024_11,3472.01,157615,3407
M00706,2024-11-01,Paid Search,SE,Paid_Search_SE_2024_11,5059.32,498136,21336
M00707,2024-11-01,Paid Search,DE,Paid_Search_DE_2024_11,3716.16,234634,8186
M00708,2024-11-01,Paid Search,NL,Paid_Search_NL_2024_11,4469.02,448727,16373
M00709,2024-11-01,Paid Search,FR,Paid_Search_FR_2024_11,6211.67,423169,13522
M00710,2024-11-01,Paid Search,ES,Paid_Search_ES_2024_11,1379.92,74232,1302
M00711,2024-11-01,Paid Search,IT,Paid_Search_IT_2024_11,1683.34,218775,2968
M00712,2024-11-01,Paid Search,PL,Paid_Search_PL_2024_11,5911.44,588014,12743
M00713,2024-11-01,Social,FI,Social_FI_2024_11,4545.01,207111,7229
M00714,2024-11-01,Social,SE,Social_SE_2024_11,5896.51,551097,22429
M00715,2024-11-01,Social,DE,Social_DE_2024_11,2000.81,159626,4603
M00716,2024-11-01,Social,NL,Social_NL_2024_11,6041.61,732434,19716
M00717,2024-11-01,Social,FR,Social_FR_2024_11,2093.12,176283,5822
M00718,2024-11-01,Social,ES,Social_ES_2024_11,3265.04,154287,4734
M00719,2024-11-01,Social,IT,Social_IT_2024_11,5317.75,350011,9098
M00720,2024-11-01,Social,PL,Social_PL_2024_11,4607.01,228363,6313
M00721,2024-11-01,Email,FI,Email_FI_2024_11,2656.51,331451,7027
M00722,2024-11-01,Email,SE,Email_SE_2024_11,4188.94,213682,9301
M00723,2024-11-01,Email,DE,Email_DE_2024_11,3795.09,217934,9260
M00724,2024-11-01,Email,NL,Email_NL_2024_11,5144.06,419615,14868
M00725,2024-11-01,Email,FR,Email_FR_2024_11,5121.35,641172,12175
M00726,2024-11-01,Email,ES,Email_ES_2024_11,5716.65,380170,7861
M00727,2024-11-01,Email,IT,Email_IT_2024_11,3212.2,273467,7062
M00728,2024-11-01,Email,PL,Email_PL_2024_11,4041.74,440156,17329
M00729,2024-11-01,Affiliate,FI,Affiliate_FI_2024_11,5830.09,571345,8368
M00730,2024-11-01,Affiliate,SE,Affiliate_SE_2024_11,1939.02,220974,7420
M00731,2024-11-01,Affiliate,DE,Affiliate_DE_2024_11,4543.7,380877,9207
M00732,2024-11-01,Affiliate,NL,Affiliate_NL_2024_11,4599.4,316956,10674
M00733,2024-11-01,Affiliate,FR,Affiliate_FR_2024_11,2834.73,355514,4871
M00734,2024-11-01,Affiliate,ES,Affiliate_ES_2024_11,2260.83,126054,2684
M00735,2024-11-01,Affiliate,IT,Affiliate_IT_2024_11,4713.88,502188,14250
M00736,2024-11-01,Affiliate,PL,Affiliate_PL_2024_11,4559.18,369578,15972
M00737,2024-12-01,Paid Search,FI,Paid_Search_FI_2024_12,5779.05,738625,29252
M00738,2024-12-01,Paid Search,SE,Paid_Search_SE_2024_12,3217.31,275704,10945
M00739,2024-12-01,Paid Search,DE,Paid_Search_DE_2024_12,2405.51,136036,3515
M00740,2024-12-01,Paid Search,NL,Paid_Search_NL_2024_12,5836.19,413221,16124
M00741,2024-12-01,Paid Search,FR,Paid_Search_FR_2024_12,2873.86,144948,2592
M00742,2024-12-01,Paid Search,ES,Paid_Search_ES_2024_12,3491.21,269045,6256
M00743,2024-12-01,Paid Search,IT,Paid_Search_IT_2024_12,2582.32,233644,4395
M00744,2024-12-01,Paid Search,PL,Paid_Search_PL_2024_12,4278.5,418441,14764
M00745,2024-12-01,Social,FI,Social_FI_2024_12,3193.81,341926,14563
M00746,2024-12-01,Social,SE,Social_SE_2024_12,6069.78,304236,13070
M00747,2024-12-01,Social,DE,Social_DE_2024_12,5518.84,508077,15694
M00748,2024-12-01,Social,NL,Social_NL_2024_12,2891.41,131469,3307
M00749,2024-12-01,Social,FR,Social_FR_2024_12,2663.87,223338,7624
M00750,2024-12-01,Social,ES,Social_ES_2024_12,3346.74,417237,11605
M00751,2024-12-01,Social,IT,Social_IT_2024_12,4511.55,543090,13055
M00752,2024-12-01,Social,PL,Social_PL_2024_12,4747.93,370399,12914
M00753,2024-12-01,Email,FI,Email_FI_2024_12,3848.28,393498,16444
M00754,2024-12-01,Email,SE,Email_SE_2024_12,2015.14,149574,6271
M00755,2024-12-01,Email,DE,Email_DE_2024_12,3976.6,195478,4694
M00756,2024-12-01,Email,NL,Email_NL_2024_12,2071.67,221641,3306
M00757,2024-12-01,Email,FR,Email_FR_2024_12,2351.93,257061,8187
M00758,2024-12-01,Email,ES,Email_ES_2024_12,2180.71,277299,11555
M00759,2024-12-01,Email,IT,Email_IT_2024_12,3197.33,322935,4243
M00760,2024-12-01,Email,PL,Email_PL_2024_12,1462.99,114231,4674
M00761,2024-12-01,Affiliate,FI,Affiliate_FI_2024_12,4679.13,601589,9908
M00762,2024-12-01,Affiliate,SE,Affiliate_SE_2024_12,3991.9,229857,9885
M00763,2024-12-01,Affiliate,DE,Affiliate_DE_2024_12,2476.55,165011,2145
M00764,2024-12-01,Affiliate,NL,Affiliate_NL_2024_12,5925.03,577369,13607
M00765,2024-12-01,Affiliate,FR,Affiliate_FR_2024_12,5619.63,280332,4291
M00766,2024-12-01,Affiliate,ES,Affiliate_ES_2024_12,5557.3,300220,8976
M00767,2024-12-01,Affiliate,IT,Affiliate_IT_2024_12,1413.17,72863,1336
M00768,2024-12-01,Affiliate,PL,Affiliate_PL_2024_12,3989.64,187549,7536
M00769,2025-01-01,Paid Search,FI,Paid_Search_FI_2025_01,2173.33,160256,2687
M00770,2025-01-01,Paid Search,SE,Paid_Search_SE_2025_01,2317.54,173371,3931
M00771,2025-01-01,Paid Search,DE,Paid_Search_DE_2025_01,3147.59,229285,9225
M00772,2025-01-01,Paid Search,NL,Paid_Search_NL_2025_01,2772.57,189263,4243
M00773,2025-01-01,Paid Search,FR,Paid_Search_FR_2025_01,3967.62,203619,6040
M00774,2025-01-01,Paid Search,ES,Paid_Search_ES_2025_01,3453.3,228348,6722
M00775,2025-01-01,Paid Search,IT,Paid_Search_IT_2025_01,3927.74,244699,10206
M00776,2025-01-01,Paid Search,PL,Paid_Search_PL_2025_01,1606.35,155499,3516
M00777,2025-01-01,Social,FI,Social_FI_2025_01,3576.22,222750,5264
M00778,2025-01-01,Social,SE,Social_SE_2025_01,2431.75,169604,5443
M00779,2025-01-01,Social,DE,Social_DE_2025_01,3800.47,328257,10999
M00780,2025-01-01,Social,NL,Social_NL_2025_01,2911.65,135845,2593
M00781,2025-01-01,Social,FR,Social_FR_2025_01,1458.97,173900,4197
M00782,2025-01-01,Social,ES,Social_ES_2025_01,1551.85,108092,2601
M00783,2025-01-01,Social,IT,Social_IT_2025_01,2903.35,346977,9278
M00784,2025-01-01,Social,PL,Social_PL_2025_01,2950.75,274050,10503
M00785,2025-01-01,Email,FI,Email_FI_2025_01,2700.52,244241,4876
M00786,2025-01-01,Email,SE,Email_SE_2025_01,3945.45,324328,13728
M00787,2025-01-01,Email,DE,Email_DE_2025_01,2193.23,260685,5447
M00788,2025-01-01,Email,NL,Email_NL_2025_01,2207.49,256645,9691
M00789,2025-01-01,Email,FR,Email_FR_2025_01,3913.69,208057,7803
M00790,2025-01-01,Email,ES,Email_ES_2025_01,1874.55,220901,5931
M00791,2025-01-01,Email,IT,Email_IT_2025_01,1038.66,109963,2118
M00792,2025-01-01,Email,PL,Email_PL_2025_01,1126.34,53067,1347
M00793,2025-01-01,Affiliate,FI,Affiliate_FI_2025_01,1237.44,108969,1360
M00794,2025-01-01,Affiliate,SE,Affiliate_SE_2025_01,3475.03,429735,12708
M00795,2025-01-01,Affiliate,DE,Affiliate_DE_2025_01,1314.48,147189,3968
M00796,2025-01-01,Affiliate,NL,Affiliate_NL_2025_01,2528.66,320726,10724
M00797,2025-01-01,Affiliate,FR,Affiliate_FR_2025_01,1260.67,77029,2686
M00798,2025-01-01,Affiliate,ES,Affiliate_ES_2025_01,1135.02,147056,5461
M00799,2025-01-01,Affiliate,IT,Affiliate_IT_2025_01,3149.56,200301,6762
M00800,2025-01-01,Affiliate,PL,Affiliate_PL_2025_01,2808.78,318816,3894
M00801,2025-02-01,Paid Search,FI,Paid_Search_FI_2025_02,1095.99,86508,1325
M00802,2025-02-01,Paid Search,SE,Paid_Search_SE_2025_02,2969.77,281290,6431
M00803,2025-02-01,Paid Search,DE,Paid_Search_DE_2025_02,3925.35,196578,4601
M00804,2025-02-01,Paid Search,NL,Paid_Search_NL_2025_02,3563.12,381484,9529
M00805,2025-02-01,Paid Search,FR,Paid_Search_FR_2025_02,1498.99,158663,3336
M00806,2025-02-01,Paid Search,ES,Paid_Search_ES_2025_02,3167.68,162620,6412
M00807,2025-02-01,Paid Search,IT,Paid_Search_IT_2025_02,3012.84,355334,11043
M00808,2025-02-01,Paid Search,PL,Paid_Search_PL_2025_02,1995.2,116859,4395
M00809,2025-02-01,Social,FI,Social_FI_2025_02,1067.45,94482,1658
M00810,2025-02-01,Social,SE,Social_SE_2025_02,1249.54,127567,2049
M00811,2025-02-01,Social,DE,Social_DE_2025_02,1958.76,211709,7993
M00812,2025-02-01,Social,NL,Social_NL_2025_02,3062.18,327966,12812
M00813,2025-02-01,Social,FR,Social_FR_2025_02,3279.7,160804,5563
M00814,2025-02-01,Social,ES,Social_ES_2025_02,3408.11,269430,4513
M00815,2025-02-01,Social,IT,Social_IT_2025_02,2044.14,180588,6947
M00816,2025-02-01,Social,PL,Social_PL_2025_02,2881.43,170594,4722
M00817,2025-02-01,Email,FI,Email_FI_2025_02,1966.04,122367,3410
M00818,2025-02-01,Email,SE,Email_SE_2025_02,2017.3,98260,2869
M00819,2025-02-01,Email,DE,Email_DE_2025_02,1827.49,120985,2935
M00820,2025-02-01,Email,NL,Email_NL_2025_02,1931.8,139248,5591
M00821,2025-02-01,Email,FR,Email_FR_2025_02,1887.34,166928,5324
M00822,2025-02-01,Email,ES,Email_ES_2025_02,2708.67,197740,8323
M00823,2025-02-01,Email,IT,Email_IT_2025_02,2036.86,254907,4757
M00824,2025-02-01,Email,PL,Email_PL_2025_02,4094.28,288067,12084
M00825,2025-02-01,Affiliate,FI,Affiliate_FI_2025_02,1213.03,89845,2421
M00826,2025-02-01,Affiliate,SE,Affiliate_SE_2025_02,1290.98,120028,3751
M00827,2025-02-01,Affiliate,DE,Affiliate_DE_2025_02,1596.57,168779,5018
M00828,2025-02-01,Affiliate,NL,Affiliate_NL_2025_02,2236.82,151020,2101
M00829,2025-02-01,Affiliate,FR,Affiliate_FR_2025_02,3282.82,404795,12471
M00830,2025-02-01,Affiliate,ES,Affiliate_ES_2025_02,3660.15,427037,18944
M00831,2025-02-01,Affiliate,IT,Affiliate_IT_2025_02,2010.41,91246,2070
M00832,2025-02-01,Affiliate,PL,Affiliate_PL_2025_02,2756.77,307377,12182
M00833,2025-03-01,Paid Search,FI,Paid_Search_FI_2025_03,3883.23,279904,11860
M00834,2025-03-01,Paid Search,SE,Paid_Search_SE_2025_03,1923.16,178259,3693
M00835,2025-03-01,Paid Search,DE,Paid_Search_DE_2025_03,1960.4,171442,6188
M00836,2025-03-01,Paid Search,NL,Paid_Search_NL_2025_03,2730.3,286387,6210
M00837,2025-03-01,Paid Search,FR,Paid_Search_FR_2025_03,2650.74,327151,6292
M00838,2025-03-01,Paid Search,ES,Paid_Search_ES_2025_03,1823.26,206371,3378
M00839,2025-03-01,Paid Search,IT,Paid_Search_IT_2025_03,1172.9,80710,2074
M00840,2025-03-01,Paid Search,PL,Paid_Search_PL_2025_03,1221.46,126244,4981
M00841,2025-03-01,Social,FI,Social_FI_2025_03,1477.16,95765,3023
M00842,2025-03-01,Social,SE,Social_SE_2025_03,1115.11,62965,1466
M00843,2025-03-01,Social,DE,Social_DE_2025_03,3549.9,262243,6076
M00844,2025-03-01,Social,NL,Social_NL_2025_03,3019.99,176138,3889
M00845,2025-03-01,Social,FR,Social_FR_2025_03,1213.3,136096,3848
M00846,2025-03-01,Social,ES,Social_ES_2025_03,3692.85,426722,12226
M00847,2025-03-01,Social,IT,Social_IT_2025_03,1379.05,79605,2111
M00848,2025-03-01,Social,PL,Social_PL_2025_03,2337.84,209945,4141
M00849,2025-03-01,Email,FI,Email_FI_2025_03,3747.68,269984,8781
M00850,2025-03-01,Email,SE,Email_SE_2025_03,2594.6,184804,3229
M00851,2025-03-01,Email,DE,Email_DE_2025_03,1271.91,138465,5763
M00852,2025-03-01,Email,NL,Email_NL_2025_03,2799.53,170888,4371
M00853,2025-03-01,Email,FR,Email_FR_2025_03,2037.17,207600,9327
M00854,2025-03-01,Email,ES,Email_ES_2025_03,3224.84,267083,4155
M00855,2025-03-01,Email,IT,Email_IT_2025_03,3965.78,332313,5156
M00856,2025-03-01,Email,PL,Email_PL_2025_03,1072.15,132273,5812
M00857,2025-03-01,Affiliate,FI,Affiliate_FI_2025_03,2344.33,161218,2485
M00858,2025-03-01,Affiliate,SE,Affiliate_SE_2025_03,3242.24,393073,10725
M00859,2025-03-01,Affiliate,DE,Affiliate_DE_2025_03,3024.6,222456,9066
M00860,2025-03-01,Affiliate,NL,Affiliate_NL_2025_03,2279.07,143010,5686
M00861,2025-03-01,Affiliate,FR,Affiliate_FR_2025_03,2046.35,196628,3853
M00862,2025-03-01,Affiliate,ES,Affiliate_ES_2025_03,1667.09,195229,3444
M00863,2025-03-01,Affiliate,IT,Affiliate_IT_2025_03,1063.03,122838,3314
M00864,2025-03-01,Affiliate,PL,Affiliate_PL_2025_03,3765.8,217623,2925
M00865,2025-04-01,Paid Search,FI,Paid_Search_FI_2025_04,2226.32,208070,8518
M00866,2025-04-01,Paid Search,SE,Paid_Search_SE_2025_04,2234.15,277276,10472
M00867,2025-04-01,Paid Search,DE,Paid_Search_DE_2025_04,2476.05,245453,9522
M00868,2025-04-01,Paid Search,NL,Paid_Search_NL_2025_04,2393.51,282073,11691
M00869,2025-04-01,Paid Search,FR,Paid_Search_FR_2025_04,2020.21,245784,7193
M00870,2025-04-01,Paid Search,ES,Paid_Search_ES_2025_04,3103.07,296753,9045
M00871,2025-04-01,Paid Search,IT,Paid_Search_IT_2025_04,3686.08,306402,8025
M00872,2025-04-01,Paid Search,PL,Paid_Search_PL_2025_04,2684.73,268367,10208
M00873,2025-04-01,Social,FI,Social_FI_2025_04,1255.42,98157,3525
M00874,2025-04-01,Social,SE,Social_SE_2025_04,1886.93,99543,2867
M00875,2025-04-01,Social,DE,Social_DE_2025_04,2389.62,142344,2155
M00876,2025-04-01,Social,NL,Social_NL_2025_04,2159.98,181295,4113
M00877,2025-04-01,Social,FR,Social_FR_2025_04,1066.84,48165,1522
M00878,2025-04-01,Social,ES,Social_ES_2025_04,3133.54,158522,6958
M00879,2025-04-01,Social,IT,Social_IT_2025_04,4015.87,249015,7567
M00880,2025-04-01,Social,PL,Social_PL_2025_04,2921.74,292434,5314
M00881,2025-04-01,Email,FI,Email_FI_2025_04,1562.18,140217,5320
M00882,2025-04-01,Email,SE,Email_SE_2025_04,2938.02,366842,15072
M00883,2025-04-01,Email,DE,Email_DE_2025_04,1249.69,83461,3565
M00884,2025-04-01,Email,NL,Email_NL_2025_04,3516.02,249842,7089
M00885,2025-04-01,Email,FR,Email_FR_2025_04,3048.73,292784,12511
M00886,2025-04-01,Email,ES,Email_ES_2025_04,2167.57,257963,7879
M00887,2025-04-01,Email,IT,Email_IT_2025_04,2177.52,102910,1583
M00888,2025-04-01,Email,PL,Email_PL_2025_04,2990.02,345784,15267
M00889,2025-04-01,Affiliate,FI,Affiliate_FI_2025_04,2373.77,201010,6268
M00890,2025-04-01,Affiliate,SE,Affiliate_SE_2025_04,2213.01,209818,3004
M00891,2025-04-01,Affiliate,DE,Affiliate_DE_2025_04,1725.82,221742,8112
M00892,2025-04-01,Affiliate,NL,Affiliate_NL_2025_04,2238.28,207205,8187
M00893,2025-04-01,Affiliate,FR,Affiliate_FR_2025_04,2739.46,302261,7823
M00894,2025-04-01,Affiliate,ES,Affiliate_ES_2025_04,2663.14,316040,7692
M00895,2025-04-01,Affiliate,IT,Affiliate_IT_2025_04,4012.04,443370,7259
M00896,2025-04-01,Affiliate,PL,Affiliate_PL_2025_04,1699.47,159254,3715
M00897,2025-05-01,Paid Search,FI,Paid_Search_FI_2025_05,4295.98,217577,3122
M00898,2025-05-01,Paid Search,SE,Paid_Search_SE_2025_05,1459.73,139567,2274
M00899,2025-05-01,Paid Search,DE,Paid_Search_DE_2025_05,4071.16,278881,9031
M00900,2025-05-01,Paid Search,NL,Paid_Search_NL_2025_05,3385.17,178640,7904
M00901,2025-05-01,Paid Search,FR,Paid_Search_FR_2025_05,4248.32,526818,17222
M00902,2025-05-01,Paid Search,ES,Paid_Search_ES_2025_05,2145.58,127404,5045
M00903,2025-05-01,Paid Search,IT,Paid_Search_IT_2025_05,2981.14,207502,3633
M00904,2025-05-01,Paid Search,PL,Paid_Search_PL_2025_05,2643.41,122478,4142
M00905,2025-05-01,Social,FI,Social_FI_2025_05,4566.06,239374,6676
M00906,2025-05-01,Social,SE,Social_SE_2025_05,2049.29,261751,6418
M00907,2025-05-01,Social,DE,Social_DE_2025_05,1953.96,174217,5461
M00908,2025-05-01,Social,NL,Social_NL_2025_05,1702.62,183596,4197
M00909,2025-05-01,Social,FR,Social_FR_2025_05,2578.43,227073,6922
M00910,2025-05-01,Social,ES,Social_ES_2025_05,3203.05,236627,8239
M00911,2025-05-01,Social,IT,Social_IT_2025_05,3016.78,195153,3511
M00912,2025-05-01,Social,PL,Social_PL_2025_05,2319.1,139054,5645
M00913,2025-05-01,Email,FI,Email_FI_2025_05,4311.51,218900,6466
M00914,2025-05-01,Email,SE,Email_SE_2025_05,4802.28,252739,6051
M00915,2025-05-01,Email,DE,Email_DE_2025_05,1727.81,162411,3389
M00916,2025-05-01,Email,NL,Email_NL_2025_05,4609.66,466741,20972
M00917,2025-05-01,Email,FR,Email_FR_2025_05,2859.32,266279,11371
M00918,2025-05-01,Email,ES,Email_ES_2025_05,1681.33,154646,3802
M00919,2025-05-01,Email,IT,Email_IT_2025_05,3061.46,304993,6748
M00920,2025-05-01,Email,PL,Email_PL_2025_05,2896.95,307124,11599
M00921,2025-05-01,Affiliate,FI,Affiliate_FI_2025_05,1689.82,166120,7273
M00922,2025-05-01,Affiliate,SE,Affiliate_SE_2025_05,3260.18,298252,4666
M00923,2025-05-01,Affiliate,DE,Affiliate_DE_2025_05,2012.19,257267,9588
M00924,2025-05-01,Affiliate,NL,Affiliate_NL_2025_05,1794.05,103708,1941
M00925,2025-05-01,Affiliate,FR,Affiliate_FR_2025_05,1619.17,79262,3262
M00926,2025-05-01,Affiliate,ES,Affiliate_ES_2025_05,2858.12,153941,4075
M00927,2025-05-01,Affiliate,IT,Affiliate_IT_2025_05,4671.15,407008,13867
M00928,2025-05-01,Affiliate,PL,Affiliate_PL_2025_05,1763.02,108905,3954
M00929,2025-06-01,Paid Search,FI,Paid_Search_FI_2025_06,2937.05,162108,6383
M00930,2025-06-01,Paid Search,SE,Paid_Search_SE_2025_06,1890.25,126558,5186
M00931,2025-06-01,Paid Search,DE,Paid_Search_DE_2025_06,2360.87,234243,8523
M00932,2025-06-01,Paid Search,NL,Paid_Search_NL_2025_06,1360.16,161817,5883
M00933,2025-06-01,Paid Search,FR,Paid_Search_FR_2025_06,2159.2,266238,5581
M00934,2025-06-01,Paid Search,ES,Paid_Search_ES_2025_06,2927.38,197799,7409
M00935,2025-06-01,Paid Search,IT,Paid_Search_IT_2025_06,3998.01,328473,7366
M00936,2025-06-01,Paid Search,PL,Paid_Search_PL_2025_06,1656.0,145728,2740
M00937,2025-06-01,Social,FI,Social_FI_2025_06,3128.61,162628,5246
M00938,2025-06-01,Social,SE,Social_SE_2025_06,1743.22,106052,4504
M00939,2025-06-01,Social,DE,Social_DE_2025_06,3143.64,148578,6236
M00940,2025-06-01,Social,NL,Social_NL_2025_06,4495.55,302671,6382
M00941,2025-06-01,Social,FR,Social_FR_2025_06,4176.58,507959,6481
M00942,2025-06-01,Social,ES,Social_ES_2025_06,3006.81,202127,3617
M00943,2025-06-01,Social,IT,Social_IT_2025_06,2208.2,195280,6210
M00944,2025-06-01,Social,PL,Social_PL_2025_06,3866.24,222460,4433
M00945,2025-06-01,Email,FI,Email_FI_2025_06,4020.35,491485,14309
M00946,2025-06-01,Email,SE,Email_SE_2025_06,4567.25,358468,9238
M00947,2025-06-01,Email,DE,Email_DE_2025_06,2021.56,111947,1620
M00948,2025-06-01,Email,NL,Email_NL_2025_06,2973.61,279536,12237
M00949,2025-06-01,Email,FR,Email_FR_2025_06,4322.48,395609,10398
M00950,2025-06-01,Email,ES,Email_ES_2025_06,4331.09,333209,11467
M00951,2025-06-01,Email,IT,Email_IT_2025_06,2099.63,135574,3733
M00952,2025-06-01,Email,PL,Email_PL_2025_06,3894.43,313184,9272
M00953,2025-06-01,Affiliate,FI,Affiliate_FI_2025_06,1629.77,183086,3520
M00954,2025-06-01,Affiliate,SE,Affiliate_SE_2025_06,3992.13,345644,15489
M00955,2025-06-01,Affiliate,DE,Affiliate_DE_2025_06,3982.96,500222,6660
M00956,2025-06-01,Affiliate,NL,Affiliate_NL_2025_06,4768.64,493044,18725
M00957,2025-06-01,Affiliate,FR,Affiliate_FR_2025_06,2483.21,310351,11401
M00958,2025-06-01,Affiliate,ES,Affiliate_ES_2025_06,2361.94,187639,6819
M00959,2025-06-01,Affiliate,IT,Affiliate_IT_2025_06,1535.61,121985,3783
M00960,2025-06-01,Affiliate,PL,Affiliate_PL_2025_06,3287.46,408483,6623
M00961,2025-07-01,Paid Search,FI,Paid_Search_FI_2025_07,2894.86,194939,5922
M00962,2025-07-01,Paid Search,SE,Paid_Search_SE_2025_07,1004.81,129877,3776
M00963,2025-07-01,Paid Search,DE,Paid_Search_DE_2025_07,3753.04,317122,9034
M00964,2025-07-01,Paid Search,NL,Paid_Search_NL_2025_07,3345.04,226521,7841
M00965,2025-07-01,Paid Search,FR,Paid_Search_FR_2025_07,966.21,56314,2147
M00966,2025-07-01,Paid Search,ES,Paid_Search_ES_2025_07,1009.76,100145,2007
M00967,2025-07-01,Paid Search,IT,Paid_Search_IT_2025_07,3950.48,279037,11009
M00968,2025-07-01,Paid Search,PL,Paid_Search_PL_2025_07,3177.11,377510,14563
M00969,2025-07-01,Social,FI,Social_FI_2025_07,4153.58,391347,16102
M00970,2025-07-01,Social,SE,Social_SE_2025_07,3783.87,408070,5359
M00971,2025-07-01,Social,DE,Social_DE_2025_07,3653.98,235631,5583
M00972,2025-07-01,Social,NL,Social_NL_2025_07,1658.11,97246,2242
M00973,2025-07-01,Social,FR,Social_FR_2025_07,3209.1,320097,6077
M00974,2025-07-01,Social,ES,Social_ES_2025_07,4156.69,242805,6346
M00975,2025-07-01,Social,IT,Social_IT_2025_07,2708.73,196170,4508
M00976,2025-07-01,Social,PL,Social_PL_2025_07,1777.3,186330,7495
M00977,2025-07-01,Email,FI,Email_FI_2025_07,3442.9,180769,3332
M00978,2025-07-01,Email,SE,Email_SE_2025_07,1384.77,113560,2392
M00979,2025-07-01,Email,DE,Email_DE_2025_07,1175.61,90874,2006
M00980,2025-07-01,Email,NL,Email_NL_2025_07,3793.99,202065,2928
M00981,2025-07-01,Email,FR,Email_FR_2025_07,3140.27,235866,10495
M00982,2025-07-01,Email,ES,Email_ES_2025_07,2221.76,121157,4099
M00983,2025-07-01,Email,IT,Email_IT_2025_07,1914.28,192371,6465
M00984,2025-07-01,Email,PL,Email_PL_2025_07,1307.42,140104,3084
M00985,2025-07-01,Affiliate,FI,Affiliate_FI_2025_07,2886.25,367666,15455
M00986,2025-07-01,Affiliate,SE,Affiliate_SE_2025_07,4068.99,395658,16393
M00987,2025-07-01,Affiliate,DE,Affiliate_DE_2025_07,2150.74,175986,7691
M00988,2025-07-01,Affiliate,NL,Affiliate_NL_2025_07,1040.65,112479,4146
M00989,2025-07-01,Affiliate,FR,Affiliate_FR_2025_07,2476.71,168343,5907
M00990,2025-07-01,Affiliate,ES,Affiliate_ES_2025_07,3021.7,358719,10192
M00991,2025-07-01,Affiliate,IT,Affiliate_IT_2025_07,3185.36,278681,10702
M00992,2025-07-01,Affiliate,PL,Affiliate_PL_2025_07,1759.9,138519,2681
M00993,2025-08-01,Paid Search,FI,Paid_Search_FI_2025_08,3148.29,281611,10754
M00994,2025-08-01,Paid Search,SE,Paid_Search_SE_2025_08,4070.29,480225,19529
M00995,2025-08-01,Paid Search,DE,Paid_Search_DE_2025_08,1094.4,55388,1934
M00996,2025-08-01,Paid Search,NL,Paid_Search_NL_2025_08,3748.8,398474,16661
M00997,2025-08-01,Paid Search,FR,Paid_Search_FR_2025_08,1492.17,75762,2003
M00998,2025-08-01,Paid Search,ES,Paid_Search_ES_2025_08,3658.78,299129,6795
M00999,2025-08-01,Paid Search,IT,Paid_Search_IT_2025_08,2341.77,160473,6808
M01000,2025-08-01,Paid Search,PL,Paid_Search_PL_2025_08,3187.93,323579,5901
M01001,2025-08-01,Social,FI,Social_FI_2025_08,2852.14,134178,3337
M01002,2025-08-01,Social,SE,Social_SE_2025_08,2125.36,227319,5820
M01003,2025-08-01,Social,DE,Social_DE_2025_08,2255.14,150796,2051
M01004,2025-08-01,Social,NL,Social_NL_2025_08,1763.26,198723,3797
M01005,2025-08-01,Social,FR,Social_FR_2025_08,2062.32,204286,6476
M01006,2025-08-01,Social,ES,Social_ES_2025_08,1874.69,227801,6301
M01007,2025-08-01,Social,IT,Social_IT_2025_08,3083.9,234706,4033
M01008,2025-08-01,Social,PL,Social_PL_2025_08,3320.76,167503,4806
M01009,2025-08-01,Email,FI,Email_FI_2025_08,3819.0,314215,13052
M01010,2025-08-01,Email,SE,Email_SE_2025_08,2880.81,243979,8714
M01011,2025-08-01,Email,DE,Email_DE_2025_08,2849.55,161828,5199
M01012,2025-08-01,Email,NL,Email_NL_2025_08,1157.13,144092,2864
M01013,2025-08-01,Email,FR,Email_FR_2025_08,1173.82,129691,5050
M01014,2025-08-01,Email,ES,Email_ES_2025_08,3982.12,490988,11143
M01015,2025-08-01,Email,IT,Email_IT_2025_08,3909.07,227311,4019
M01016,2025-08-01,Email,PL,Email_PL_2025_08,2043.62,120339,5331
M01017,2025-08-01,Affiliate,FI,Affiliate_FI_2025_08,4199.67,471267,13146
M01018,2025-08-01,Affiliate,SE,Affiliate_SE_2025_08,1397.72,123656,3643
M01019,2025-08-01,Affiliate,DE,Affiliate_DE_2025_08,3132.53,375377,9983
M01020,2025-08-01,Affiliate,NL,Affiliate_NL_2025_08,1620.08,129945,4441
M01021,2025-08-01,Affiliate,FR,Affiliate_FR_2025_08,3080.52,220351,3772
M01022,2025-08-01,Affiliate,ES,Affiliate_ES_2025_08,1486.27,118126,2184
M01023,2025-08-01,Affiliate,IT,Affiliate_IT_2025_08,2256.76,110868,2554
M01024,2025-08-01,Affiliate,PL,Affiliate_PL_2025_08,2554.92,170589,7622
M01025,2025-09-01,Paid Search,FI,Paid_Search_FI_2025_09,1707.53,152725,2012
M01026,2025-09-01,Paid Search,SE,Paid_Search_SE_2025_09,1044.48,75134,1445
M01027,2025-09-01,Paid Search,DE,Paid_Search_DE_2025_09,3010.4,186394,3659
M01028,2025-09-01,Paid Search,NL,Paid_Search_NL_2025_09,3314.47,402156,12494
M01029,2025-09-01,Paid Search,FR,Paid_Search_FR_2025_09,3365.92,430267,15632
M01030,2025-09-01,Paid Search,ES,Paid_Search_ES_2025_09,3650.97,168404,5309
M01031,2025-09-01,Paid Search,IT,Paid_Search_IT_2025_09,937.63,120962,4027
M01032,2025-09-01,Paid Search,PL,Paid_Search_PL_2025_09,1818.86,185563,6036
M01033,2025-09-01,Social,FI,Social_FI_2025_09,911.31,66550,2441
M01034,2025-09-01,Social,SE,Social_SE_2025_09,3098.02,335492,4985
M01035,2025-09-01,Social,DE,Social_DE_2025_09,974.71,95212,1813
M01036,2025-09-01,Social,NL,Social_NL_2025_09,1532.23,173447,2456
M01037,2025-09-01,Social,FR,Social_FR_2025_09,2404.36,163593,6959
M01038,2025-09-01,Social,ES,Social_ES_2025_09,2256.97,245658,6539
M01039,2025-09-01,Social,IT,Social_IT_2025_09,2029.53,109634,2774
M01040,2025-09-01,Social,PL,Social_PL_2025_09,2533.33,160582,7054
M01041,2025-09-01,Email,FI,Email_FI_2025_09,1476.97,124019,4470
M01042,2025-09-01,Email,SE,Email_SE_2025_09,1221.85,141546,5570
M01043,2025-09-01,Email,DE,Email_DE_2025_09,2556.08,139952,1970
M01044,2025-09-01,Email,NL,Email_NL_2025_09,1534.2,151788,2522
M01045,2025-09-01,Email,FR,Email_FR_2025_09,1661.49,95545,2305
M01046,2025-09-01,Email,ES,Email_ES_2025_09,2778.32,346149,11978
M01047,2025-09-01,Email,IT,Email_IT_2025_09,2741.14,243368,3839
M01048,2025-09-01,Email,PL,Email_PL_2025_09,1224.65,90791,1400
M01049,2025-09-01,Affiliate,FI,Affiliate_FI_2025_09,2902.03,358872,4927
M01050,2025-09-01,Affiliate,SE,Affiliate_SE_2025_09,2845.58,336764,10753
M01051,2025-09-01,Affiliate,DE,Affiliate_DE_2025_09,1216.2,67399,1721
M01052,2025-09-01,Affiliate,NL,Affiliate_NL_2025_09,2769.76,147011,2949
M01053,2025-09-01,Affiliate,FR,Affiliate_FR_2025_09,2911.74,245913,5943
M01054,2025-09-01,Affiliate,ES,Affiliate_ES_2025_09,3190.21,202692,3128
M01055,2025-09-01,Affiliate,IT,Affiliate_IT_2025_09,1066.29,76957,2803
M01056,2025-09-01,Affiliate,PL,Affiliate_PL_2025_09,1594.45,182428,6362
M01057,2025-10-01,Paid Search,FI,Paid_Search_FI_2025_10,2916.35,375487,10721
M01058,2025-10-01,Paid Search,SE,Paid_Search_SE_2025_10,2867.4,205492,5458
M01059,2025-10-01,Paid Search,DE,Paid_Search_DE_2025_10,4079.22,331046,11171
M01060,2025-10-01,Paid Search,NL,Paid_Search_NL_2025_10,1227.54,64746,2005
M01061,2025-10-01,Paid Search,FR,Paid_Search_FR_2025_10,1150.07,84518,3110
M01062,2025-10-01,Paid Search,ES,Paid_Search_ES_2025_10,1276.14,125324,2772
M01063,2025-10-01,Paid Search,IT,Paid_Search_IT_2025_10,2183.19,114280,4846
M01064,2025-10-01,Paid Search,PL,Paid_Search_PL_2025_10,1554.56,124956,3440
M01065,2025-10-01,Social,FI,Social_FI_2025_10,3115.1,261899,8949
M01066,2025-10-01,Social,SE,Social_SE_2025_10,3180.73,201328,8712
M01067,2025-10-01,Social,DE,Social_DE_2025_10,3693.78,193050,6458
M01068,2025-10-01,Social,NL,Social_NL_2025_10,1311.04,122285,4296
M01069,2025-10-01,Social,FR,Social_FR_2025_10,1410.05,100600,4014
M01070,2025-10-01,Social,ES,Social_ES_2025_10,1811.62,180566,3515
M01071,2025-10-01,Social,IT,Social_IT_2025_10,1215.06,121248,2431
M01072,2025-10-01,Social,PL,Social_PL_2025_10,1504.97,124510,1711
M01073,2025-10-01,Email,FI,Email_FI_2025_10,1825.55,104139,3480
M01074,2025-10-01,Email,SE,Email_SE_2025_10,1211.77,130763,5880
M01075,2025-10-01,Email,DE,Email_DE_2025_10,2954.13,273201,3503
M01076,2025-10-01,Email,NL,Email_NL_2025_10,2823.62,320113,11303
M01077,2025-10-01,Email,FR,Email_FR_2025_10,3945.98,451612,5429
M01078,2025-10-01,Email,ES,Email_ES_2025_10,2327.3,174400,4926
M01079,2025-10-01,Email,IT,Email_IT_2025_10,948.53,85103,1735
M01080,2025-10-01,Email,PL,Email_PL_2025_10,3188.28,318333,7784
M01081,2025-10-01,Affiliate,FI,Affiliate_FI_2025_10,1072.99,104952,3519
M01082,2025-10-01,Affiliate,SE,Affiliate_SE_2025_10,2990.73,141969,4176
M01083,2025-10-01,Affiliate,DE,Affiliate_DE_2025_10,1391.53,94102,1432
M01084,2025-10-01,Affiliate,NL,Affiliate_NL_2025_10,2026.28,146786,4758
M01085,2025-10-01,Affiliate,FR,Affiliate_FR_2025_10,2860.46,358095,9852
M01086,2025-10-01,Affiliate,ES,Affiliate_ES_2025_10,2142.57,154501,3944
M01087,2025-10-01,Affiliate,IT,Affiliate_IT_2025_10,2526.21,230216,5396
M01088,2025-10-01,Affiliate,PL,Affiliate_PL_2025_10,3377.03,197643,3238
M01089,2025-11-01,Paid Search,FI,Paid_Search_FI_2025_11,3738.14,358668,10168
M01090,2025-11-01,Paid Search,SE,Paid_Search_SE_2025_11,5334.04,603025,15065
M01091,2025-11-01,Paid Search,DE,Paid_Search_DE_2025_11,5489.54,376882,9949
M01092,2025-11-01,Paid Search,NL,Paid_Search_NL_2025_11,6088.45,420390,7841
M01093,2025-11-01,Paid Search,FR,Paid_Search_FR_2025_11,5674.34,268935,11136
M01094,2025-11-01,Paid Search,ES,Paid_Search_ES_2025_11,5776.38,375060,11774
M01095,2025-11-01,Paid Search,IT,Paid_Search_IT_2025_11,2322.2,258672,10137
M01096,2025-11-01,Paid Search,PL,Paid_Search_PL_2025_11,2467.25,282504,6830
M01097,2025-11-01,Social,FI,Social_FI_2025_11,4664.97,246636,6602
M01098,2025-11-01,Social,SE,Social_SE_2025_11,4089.29,265276,9006
M01099,2025-11-01,Social,DE,Social_DE_2025_11,3174.4,407462,8076
M01100,2025-11-01,Social,NL,Social_NL_2025_11,5107.38,640992,14507
M01101,2025-11-01,Social,FR,Social_FR_2025_11,2325.47,262863,5795
M01102,2025-11-01,Social,ES,Social_ES_2025_11,3076.46,271869,7197
M01103,2025-11-01,Social,IT,Social_IT_2025_11,5628.7,387851,12575
M01104,2025-11-01,Social,PL,Social_PL_2025_11,6190.66,578028,22835
M01105,2025-11-01,Email,FI,Email_FI_2025_11,5905.95,589778,10617
M01106,2025-11-01,Email,SE,Email_SE_2025_11,5063.7,653197,15884
M01107,2025-11-01,Email,DE,Email_DE_2025_11,5997.51,334493,4574
M01108,2025-11-01,Email,NL,Email_NL_2025_11,4748.02,491357,21345
M01109,2025-11-01,Email,FR,Email_FR_2025_11,5879.45,456648,16148
M01110,2025-11-01,Email,ES,Email_ES_2025_11,1503.91,165911,2874
M01111,2025-11-01,Email,IT,Email_IT_2025_11,4119.99,520720,6424
M01112,2025-11-01,Email,PL,Email_PL_2025_11,5679.76,563428,22844
M01113,2025-11-01,Affiliate,FI,Affiliate_FI_2025_11,3183.6,216510,4886
M01114,2025-11-01,Affiliate,SE,Affiliate_SE_2025_11,3026.3,324508,9608
M01115,2025-11-01,Affiliate,DE,Affiliate_DE_2025_11,5312.35,443857,13828
M01116,2025-11-01,Affiliate,NL,Affiliate_NL_2025_11,3868.16,368573,16490
M01117,2025-11-01,Affiliate,FR,Affiliate_FR_2025_11,4177.75,256449,8040
M01118,2025-11-01,Affiliate,ES,Affiliate_ES_2025_11,4652.38,227057,6152
M01119,2025-11-01,Affiliate,IT,Affiliate_IT_2025_11,3897.2,262380,9316
M01120,2025-11-01,Affiliate,PL,Affiliate_PL_2025_11,2850.48,174125,5386
M01121,2025-12-01,Paid Search,FI,Paid_Search_FI_2025_12,2931.75,141879,2494
M01122,2025-12-01,Paid Search,SE,Paid_Search_SE_2025_12,4015.86,377947,7786
M01123,2025-12-01,Paid Search,DE,Paid_Search_DE_2025_12,3959.96,502895,12659
M01124,2025-12-01,Paid Search,NL,Paid_Search_NL_2025_12,5345.74,439654,18119
M01125,2025-12-01,Paid Search,FR,Paid_Search_FR_2025_12,4189.49,313149,6745
M01126,2025-12-01,Paid Search,ES,Paid_Search_ES_2025_12,4225.01,196406,2479
M01127,2025-12-01,Paid Search,IT,Paid_Search_IT_2025_12,4404.99,201648,6626
M01128,2025-12-01,Paid Search,PL,Paid_Search_PL_2025_12,5752.79,640275,20288
M01129,2025-12-01,Social,FI,Social_FI_2025_12,2205.35,120358,3977
M01130,2025-12-01,Social,SE,Social_SE_2025_12,1584.57,187454,6298
M01131,2025-12-01,Social,DE,Social_DE_2025_12,4270.93,513851,15034
M01132,2025-12-01,Social,NL,Social_NL_2025_12,2568.69,201671,5488
M01133,2025-12-01,Social,FR,Social_FR_2025_12,5476.93,557021,9784
M01134,2025-12-01,Social,ES,Social_ES_2025_12,1375.25,120158,2049
M01135,2025-12-01,Social,IT,Social_IT_2025_12,3507.21,438170,7209
M01136,2025-12-01,Social,PL,Social_PL_2025_12,2008.27,179196,4670
M01137,2025-12-01,Email,FI,Email_FI_2025_12,2760.6,285314,3627
M01138,2025-12-01,Email,SE,Email_SE_2025_12,5287.46,350046,13795
M01139,2025-12-01,Email,DE,Email_DE_2025_12,5900.12,335834,7094
M01140,2025-12-01,Email,NL,Email_NL_2025_12,5906.41,666299,14315
M01141,2025-12-01,Email,FR,Email_FR_2025_12,3494.33,320488,13288
M01142,2025-12-01,Email,ES,Email_ES_2025_12,5728.93,426230,5239
M01143,2025-12-01,Email,IT,Email_IT_2025_12,4738.82,399383,15863
M01144,2025-12-01,Email,PL,Email_PL_2025_12,3910.6,448190,8036
M01145,2025-12-01,Affiliate,FI,Affiliate_FI_2025_12,5480.74,351855,15082
M01146,2025-12-01,Affiliate,SE,Affiliate_SE_2025_12,1821.57,210473,7197
M01147,2025-12-01,Affiliate,DE,Affiliate_DE_2025_12,4463.9,532584,7739
M01148,2025-12-01,Affiliate,NL,Affiliate_NL_2025_12,4131.05,230581,7981
M01149,2025-12-01,Affiliate,FR,Affiliate_FR_2025_12,3448.17,415564,15856
M01150,2025-12-01,Affiliate,ES,Affiliate_ES_2025_12,3356.38,206484,7014
M01151,2025-12-01,Affiliate,IT,Affiliate_IT_2025_12,5230.37,260883,4745
M01152,2025-12-01,Affiliate,PL,Affiliate_PL_2025_12,2898.08,249920,11167
