product_id,product_name,category,brand,unit_cost,list_price,launch_date,active
P0001,Wireless Earbuds,Electronics,,41.83,88.94,2023-09-08,1
P0002,Wireless Earbuds Plus,Electronics,Lumio,40.06,93.26,2023-02-02,0
P0003,Mechanical Keyboard,Electronics,NordicPeak,48.88,87.65,2024-10-27,1
P0004,Mechanical Keyboard Plus,Electronics,Mova,49.29,99.82,2023-01-07,1
P0005,Webcam,Electronics,,26.66,50.68,2023-06-09,1
P0006,Webcam Plus,Electronics ,Lumio,24.58,78.22,2023-04-10,1
P0007,USB-C Hub,Electronics,Nexa,19.66,40.66,2024-04-15,1
P0008,USB-C Hub Plus,Electronics,Arctiq,15.73,64.0,2023-10-28,1
P0009,Portable Speaker,Electronics,Velora,25.58,73.54,2023-03-13,1
P0010,Portable Speaker Plus,Electronics,,28.64,51.57,2023-08-27,1
P0011,Smartwatch,Electronics,Mova,57.24,121.27,2024-01-09,1
P0012,Smartwatch Plus,Electronics ,Nexa,58.33,118.91,2024-11-30,1
P0013,Air Fryer,Home & Kitchen,Avento,45.46,112.54,2023-09-08,1
P0014,Air Fryer Plus,Home & Kitchen,Kivra,47.49,96.41,2023-02-27,1
P0015,Desk Lamp,Home & Kitchen,Velora,14.56,24.37,2023-03-09,1
P0016,Desk Lamp Plus,Home & Kitchen,Velora,13.71,56.02,2024-05-26,1
P0017,Coffee Grinder,Home & Kitchen,Mova,19.64,74.25,2023-05-23,1
P0018,Coffee Grinder Plus,Home & Kitchen,Nexa,23.63,58.74,2024-03-14,1
P0019,Storage Set,Home & Kitchen,Kivra,9.19,21.43,2023-05-22,1
P0020,Storage Set Plus,Home & Kitchen,NordicPeak,8.87,14.45,2023-06-06,1
P0021,Electric Kettle,Home & Kitchen,Arctiq,18.52,54.91,2024-01-30,1
P0022,Electric Kettle Plus,Home & Kitchen ,Nexa,20.54,61.87,2023-01-12,1
P0023,Robot Vacuum,Home & Kitchen,Nexa,102.66,165.89,2023-12-15,1
P0024,Robot Vacuum Plus,Home & Kitchen ,Mova,80.84,218.01,2023-09-27,1
P0025,Yoga Mat,Sports,Lumio,11.11,35.69,2023-11-02,1
P0026,Yoga Mat Plus,Sports,Kivra,8.96,28.95,2023-06-15,1
P0027,Resistance Bands,Sports,NordicPeak,6.18,23.86,2024-05-15,0
P0028,Resistance Bands Plus,Sports,Nexa,5.53,26.67,2023-09-04,1
P0029,Running Belt,Sports,Lumio,7.49,28.98,2023-03-12,1
P0030,Running Belt Plus,Sports,Avento,6.22,21.05,2024-05-01,1
P0031,Foam Roller,Sports,Arctiq,10.25,17.26,2024-07-06,1
P0032,Foam Roller Plus,Sports,Nexa,8.73,27.78,2024-11-18,1
P0033,Gym Bag,Sports,,12.41,36.29,2023-08-19,1
P0034,Gym Bag Plus,Sports,Kivra,14.37,22.4,2023-01-08,1
P0035,Fitness Tracker,Sports,Kivra,27.85,94.03,2023-02-02,1
P0036,Fitness Tracker Plus,Sports,Kivra,29.87,54.59,2024-05-12,1
P0037,Ergonomic Mouse,Office,Mova,18.46,36.16,2024-04-29,1
P0038,Ergonomic Mouse Plus,Office ,Lumio,20.95,38.43,2023-12-29,1
P0039,Laptop Stand,Office,NordicPeak,17.88,44.4,2024-10-23,1
P0040,Laptop Stand Plus,Office,Velora,18.53,41.91,2023-04-22,1
P0041,Notebook Set,Office,Mova,4.46,10.84,2023-07-07,1
P0042,Notebook Set Plus,Office,Lumio,4.91,11.81,2024-07-17,1
P0043,Desk Organizer,Office,NordicPeak,7.98,23.34,2023-08-31,1
P0044,Desk Organizer Plus,Office,Kivra,7.77,20.15,2023-03-02,1
P0045,Office Chair,Office,Arctiq,79.01,132.07,2024-04-10,1
P0046,Office Chair Plus,Office,Mova,76.2,235.02,2023-10-31,1
P0047,Monitor Arm,Office,NordicPeak,30.08,47.0,2023-02-28,1
P0048,Monitor Arm Plus,Office ,Avento,24.28,72.77,2024-06-04,1
P0049,Hiking Backpack,Outdoor,Lumio,26.31,49.2,2023-08-29,1
P0050,Hiking Backpack Plus,Outdoor ,Kivra,25.59,91.71,2023-02-10,1
P0051,Thermal Bottle,Outdoor,Velora,10.17,23.19,2023-07-29,1
P0052,Thermal Bottle Plus,Outdoor,Nexa,8.72,20.88,2024-11-18,1
P0053,Camping Lantern,Outdoor ,Lumio,10.23,30.67,2024-09-28,1
P0054,Camping Lantern Plus,Outdoor,Lumio,12.14,44.9,2024-06-02,1
P0055,Picnic Blanket,Outdoor,Lumio,12.25,40.33,2024-01-14,1
P0056,Picnic Blanket Plus,Outdoor,Nexa,11.37,27.98,2024-10-31,1
P0057,Headlamp,Outdoor,Nexa,9.04,26.83,2023-04-17,1
P0058,Headlamp Plus,Outdoor,,8.94,15.3,2024-07-20,1
P0059,Dry Bag,Outdoor,Kivra,7.46,15.96,2023-07-28,1
P0060,Dry Bag Plus,Outdoor,Mova,6.48,26.33,2023-02-22,1
