date,sessions,unique_visitors,add_to_cart,conversion_rate,bounce_rate
2023-01-01,2012,1542,257,0.0283,0.3661
2023-01-02,1419,1034,140,0.0284,0.5481
2023-01-03,1491,1200,127,0.0237,0.3747
2023-01-04,1777,1505,155,0.0294,0.4427
2023-01-05,1650,1372,191,0.0235,0.5179
2023-01-06,1688,1396,149,0.027,0.5195
2023-01-07,1989,1457,174,0.0307,0.5335
2023-01-08,1976,1513,217,0.0315,0.4242
2023-01-09,1789,1402,177,0.0297,0.4426
2023-01-10,1545,1291,184,0.0242,0.3826
2023-01-11,1774,1404,226,0.0247,0.4437
2023-01-12,1660,1266,191,0.0328,0.5323
2023-01-13,1781,1404,209,0.0295,0.5051
2023-01-14,1966,1677,243,0.0323,0.4448
2023-01-15,2044,1641,191,0.0299,0.3549
2023-01-16,1446,1166,129,0.0281,0.5136
2023-01-17,1654,1374,177,0.0257,0.4522
2023-01-18,1763,1300,148,0.0294,0.506
2023-01-19,1818,1332,205,0.0283,0.4774
2023-01-20,1632,1234,162,0.0251,0.5309
2023-01-21,2252,1842,223,0.0337,0.4374
2023-01-22,1987,1610,157,0.0226,0.4689
2023-01-23,1740,1280,209,0.0314,0.5518
2023-01-24,1801,1413,155,0.031,0.3568
2023-01-25,1876,1490,195,0.0261,0.4587
2023-01-26,1689,1442,210,0.0331,0.4558
2023-01-27,1563,1247,197,0.031,0.4051
2023-01-28,2098,1608,230,0.0282,0.5397
2023-01-29,2008,1450,143,0.0285,0.5195
2023-01-30,1800,1364,160,0.0187,0.466
2023-01-31,1898,1368,135,0.0232,0.3946
2023-02-01,1599,1239,202,0.0245,0.4842
2023-02-02,1742,1454,141,0.0279,0.5123
2023-02-03,1655,1330,134,0.0277,0.5472
2023-02-04,2001,1446,203,0.0267,0.4235
2023-02-05,1911,1410,170,0.0323,0.4702
2023-02-06,1541,1302,199,0.0269,0.5316
2023-02-07,1797,1296,232,0.0305,0.3712
2023-02-08,1819,1395,215,0.0302,0.3977
2023-02-09,1714,1425,126,0.0236,0.5489
2023-02-10,1748,1428,203,0.0286,0.5134
2023-02-11,2049,1647,254,0.0258,0.5499
2023-02-12,1976,1472,195,0.0267,0.4987
2023-02-13,1620,1218,165,0.0307,0.3563
2023-02-14,1772,1488,219,0.0333,0.558
2023-02-15,2008,1535,164,0.0273,0.4301
2023-02-16,1827,1374,147,0.0296,0.5006
2023-02-17,1712,1260,190,0.0282,0.4304
2023-02-18,1953,1638,202,0.0274,0.4388
2023-02-19,1979,1634,176,0.0293,0.495
2023-02-20,1631,1192,184,0.0269,0.5422
2023-02-21,1579,1302,118,0.0287,0.52
2023-02-22,1742,1273,160,0.0348,0.4497
2023-02-23,1826,1339,143,0.0284,0.3649
2023-02-24,1628,1348,175,0.0223,0.3597
2023-02-25,1806,1396,193,0.0325,0.5037
2023-02-26,2036,1715,166,0.0335,0.4981
2023-02-27,1935,1423,171,0.0284,0.4959
2023-02-28,1854,1380,225,0.0332,0.4402
2023-03-01,1699,1369,167,0.0307,0.4368
2023-03-02,2007,1534,246,0.0202,0.5421
2023-03-03,1618,1275,124,0.0285,0.4843
2023-03-04,2008,1476,249,0.0163,0.4293
2023-03-05,1978,1684,166,0.0245,0.4086
2023-03-06,1905,1512,233,0.0327,0.4857
2023-03-07,1806,1406,152,0.0343,0.4755
2023-03-08,1906,1447,199,0.0367,0.4693
2023-03-09,1836,1345,162,0.0293,0.5081
2023-03-10,1857,1396,141,0.0245,0.545
2023-03-11,2101,1631,184,0.026,0.5243
2023-03-12,2109,1639,181,0.0267,0.4094
2023-03-13,1498,1259,146,0.0335,0.4499
2023-03-14,1673,1257,167,0.024,0.4431
2023-03-15,1856,1556,198,0.0304,0.3659
2023-03-16,1915,1426,140,0.0293,0.5088
2023-03-17,1777,1438,149,0.0272,0.484
2023-03-18,2026,1704,199,0.0289,0.4997
2023-03-19,1944,1445,217,0.0275,0.3884
2023-03-20,1772,1318,132,0.0264,0.3601
2023-03-21,1843,1479,132,0.0295,0.4627
2023-03-22,1643,1328,118,0.0251,0.3954
2023-03-23,1839,1424,177,0.0292,0.3642
2023-03-24,1756,1465,197,0.0281,0.3882
2023-03-25,2217,1804,206,0.0273,0.3934
2023-03-26,2224,1748,250,0.0237,0.5244
2023-03-27,1802,1337,134,0.0344,0.3712
2023-03-28,1706,1272,120,0.026,0.4454
2023-03-29,1665,1357,141,0.0265,0.4758
2023-03-30,1881,1576,156,0.0264,0.5418
2023-03-31,1981,1444,247,0.032,0.3921
2023-04-01,2162,1824,238,0.0303,0.458
2023-04-02,1944,1650,162,0.0297,0.4713
2023-04-03,1924,1573,241,0.0321,0.5456
2023-04-04,1701,1336,186,0.0275,0.5036
2023-04-05,1607,1324,127,0.027,0.5017
2023-04-06,1734,1417,143,0.0291,0.5121
2023-04-07,1801,1344,186,0.0264,0.437
2023-04-08,2015,1597,260,0.025,0.3519
2023-04-09,1879,1366,194,0.0234,0.5557
2023-04-10,1549,1221,176,0.0359,0.3482
2023-04-11,1704,1248,158,0.0325,0.4743
2023-04-12,1816,1370,179,0.0241,0.4151
2023-04-13,1532,1294,124,0.027,0.4265
2023-04-14,1886,1617,180,0.0279,0.3841
2023-04-15,1995,1491,213,0.0312,0.4349
2023-04-16,2257,1685,189,0.0274,0.5275
2023-04-17,1889,1405,143,0.029,0.3666
2023-04-18,1711,1381,168,0.0306,0.3901
2023-04-19,1927,1396,190,0.0277,0.452
2023-04-20,1831,1469,181,0.0188,0.4248
2023-04-21,1781,1482,149,0.0276,0.5448
2023-04-22,1981,1554,173,0.0326,0.5409
2023-04-23,1861,1412,138,0.025,0.5298
2023-04-24,1859,1479,142,0.034,0.5379
2023-04-25,1849,1349,179,0.0279,0.5373
2023-04-26,1803,1372,206,0.0282,0.4666
2023-04-27,1785,1498,210,0.0346,0.4925
2023-04-28,1860,1583,183,0.0281,0.3579
2023-04-29,2141,1713,253,0.0369,0.482
2023-04-30,1929,1476,157,0.0237,0.5316
2023-05-01,1904,1558,204,0.025,0.5009
2023-05-02,2076,1575,260,0.0251,0.525
2023-05-03,1975,1633,211,0.0217,0.5072
2023-05-04,2278,1749,291,0.0279,0.4754
2023-05-05,2169,1857,178,0.0282,0.4447
2023-05-06,2429,2026,295,0.0292,0.3873
2023-05-07,2434,2025,269,0.0334,0.4119
2023-05-08,1832,1506,196,0.0262,0.3568
2023-05-09,2079,1744,219,0.0342,0.5126
2023-05-10,2024,1493,142,0.0259,0.5366
2023-05-11,2042,1739,191,0.0299,0.4719
2023-05-12,2015,1666,178,0.0344,0.5332
2023-05-13,2229,1882,246,0.0309,0.4665
2023-05-14,2218,1663,239,0.0263,0.4255
2023-05-15,1955,1516,189,0.027,0.4033
2023-05-16,2125,1745,265,0.025,0.5121
2023-05-17,2148,1680,269,0.0279,0.4936
2023-05-18,2127,1688,193,0.0282,0.3926
2023-05-19,2130,1583,197,0.032,0.3987
2023-05-20,2275,1672,175,0.036,0.503
2023-05-21,2284,1837,239,0.0264,0.5172
2023-05-22,2035,1674,259,0.0311,0.5544
2023-05-23,1893,1625,166,0.0333,0.5465
2023-05-24,2087,1753,175,0.0335,0.4333
2023-05-25,2104,1577,182,0.0316,0.5317
2023-05-26,2051,1729,259,0.0305,0.3603
2023-05-27,2465,2112,202,0.0268,0.4107
2023-05-28,2369,1907,224,0.024,0.4542
2023-05-29,1937,1552,190,0.0283,0.5169
2023-05-30,2150,1656,275,0.0306,0.3932
2023-05-31,2072,1626,208,0.0322,0.4784
2023-06-01,2058,1653,242,0.0288,0.5343
2023-06-02,2121,1757,195,0.0294,0.4175
2023-06-03,2132,1795,219,0.0262,0.5176
2023-06-04,2361,1979,279,0.0324,0.4599
2023-06-05,2054,1689,229,0.0302,0.5351
2023-06-06,2147,1784,214,0.0312,0.4392
2023-06-07,2027,1721,255,0.0319,0.4792
2023-06-08,2123,1688,211,0.0269,0.4875
2023-06-09,2023,1512,199,0.0309,0.5256
2023-06-10,2364,1803,292,0.0288,0.5273
2023-06-11,2602,1996,257,0.0292,0.495
2023-06-12,2005,1558,191,0.0287,0.5358
2023-06-13,2240,1793,273,0.0255,0.4262
2023-06-14,2090,1628,230,0.0257,0.3992
2023-06-15,2274,1686,234,0.0339,0.4972
2023-06-16,2147,1746,248,0.0285,0.4574
2023-06-17,2352,1809,173,0.0272,0.4815
2023-06-18,2217,1726,282,0.0236,0.3443
2023-06-19,2047,1643,181,0.0353,0.3975
2023-06-20,1915,1458,197,0.0263,0.4504
2023-06-21,1961,1624,229,0.0297,0.4511
2023-06-22,2222,1695,213,0.031,0.5509
2023-06-23,2108,1810,204,0.0319,0.4439
2023-06-24,2335,1704,261,0.0319,0.4495
2023-06-25,2181,1632,152,0.0299,0.4537
2023-06-26,2172,1652,156,0.0265,0.5542
2023-06-27,1961,1614,190,0.029,0.4454
2023-06-28,2079,1679,248,0.0353,0.5329
2023-06-29,2172,1643,177,0.0326,0.4372
2023-06-30,2293,1827,187,0.0316,0.4074
2023-07-01,2130,1813,241,0.034,0.4399
2023-07-02,1760,1441,208,0.0325,0.4168
2023-07-03,1806,1550,126,0.0326,0.3912
2023-07-04,1877,1402,175,0.032,0.5552
2023-07-05,1762,1337,157,0.0304,0.5427
2023-07-06,1935,1497,186,0.0297,0.4308
2023-07-07,1769,1357,149,0.029,0.3579
2023-07-08,2346,1822,302,0.0227,0.5133
2023-07-09,1917,1642,227,0.0269,0.5008
2023-07-10,1939,1597,149,0.0261,0.5207
2023-07-11,1870,1462,157,0.0303,0.445
2023-07-12,1728,1261,129,0.0299,0.4921
2023-07-13,1907,1499,209,0.0264,0.4249
2023-07-14,1878,1574,217,0.0303,0.4665
2023-07-15,2158,1556,224,0.0233,0.481
2023-07-16,2202,1876,235,0.0322,0.5053
2023-07-17,2065,1603,212,0.0332,0.5062
2023-07-18,1841,1326,184,0.0254,0.5327
2023-07-19,1824,1545,224,0.0276,0.532
2023-07-20,1831,1554,175,0.0249,0.5026
2023-07-21,1973,1605,230,0.028,0.5354
2023-07-22,2129,1650,250,0.0268,0.4899
2023-07-23,2270,1852,163,0.033,0.4598
2023-07-24,2052,1762,187,0.0303,0.531
2023-07-25,1601,1182,142,0.0293,0.4162
2023-07-26,1833,1444,218,0.0282,0.53
2023-07-27,2115,1798,243,0.0338,0.4156
2023-07-28,1838,1417,237,0.0363,0.4775
2023-07-29,2158,1566,163,0.0217,0.3405
2023-07-30,2022,1485,237,0.025,0.351
2023-07-31,1910,1513,243,0.0195,0.397
2023-08-01,1852,1539,130,0.0249,0.3723
2023-08-02,1903,1601,212,0.0293,0.4674
2023-08-03,1796,1531,164,0.0221,0.3802
2023-08-04,1813,1385,233,0.0317,0.3939
2023-08-05,2351,1794,236,0.0296,0.5405
2023-08-06,2291,1832,282,0.0352,0.4463
2023-08-07,1910,1577,185,0.0355,0.3421
2023-08-08,2020,1673,206,0.0317,0.4447
2023-08-09,2161,1703,167,0.0342,0.5471
2023-08-10,1984,1497,208,0.0305,0.3899
2023-08-11,1802,1301,197,0.0294,0.4902
2023-08-12,2199,1827,273,0.0266,0.3471
2023-08-13,2154,1740,167,0.0318,0.3628
2023-08-14,1996,1592,168,0.0282,0.4939
2023-08-15,1799,1425,159,0.0315,0.4958
2023-08-16,2017,1650,188,0.0241,0.3421
2023-08-17,1930,1604,139,0.0284,0.4266
2023-08-18,2044,1662,173,0.0486,0.3442
2023-08-19,1984,1593,215,0.036,0.5142
2023-08-20,2086,1539,187,0.0346,0.4796
2023-08-21,1942,1461,238,0.0303,0.3497
2023-08-22,1899,1468,176,0.0256,0.3552
2023-08-23,1913,1644,218,0.0285,0.5535
2023-08-24,2120,1797,206,0.028,0.4012
2023-08-25,2018,1518,242,0.0287,0.3506
2023-08-26,2344,1843,287,0.0213,0.4047
2023-08-27,2128,1708,200,0.028,0.4351
2023-08-28,1813,1390,228,0.0372,0.5581
2023-08-29,2098,1770,268,0.0362,0.5405
2023-08-30,1694,1421,147,0.0295,0.4649
2023-08-31,1863,1590,154,0.0279,0.5354
2023-09-01,1705,1289,182,0.0313,0.3998
2023-09-02,2384,1723,215,0.0311,0.5048
2023-09-03,1813,1353,172,0.0301,0.4595
2023-09-04,1913,1516,134,0.032,0.3475
2023-09-05,1989,1489,196,0.0244,0.4154
2023-09-06,1898,1498,175,0.0348,0.4271
2023-09-07,1849,1562,231,0.0297,0.3965
2023-09-08,2076,1548,152,0.0333,0.3434
2023-09-09,2365,1845,289,0.0304,0.3418
2023-09-10,2304,1876,167,0.0339,0.4514
2023-09-11,1993,1536,145,0.0276,0.4574
2023-09-12,1891,1468,136,0.0348,0.5533
2023-09-13,2087,1558,157,0.028,0.3785
2023-09-14,2039,1727,223,0.0313,0.551
2023-09-15,1793,1318,231,0.0332,0.395
2023-09-16,2062,1743,258,0.0244,0.4124
2023-09-17,2148,1561,237,0.0278,0.5005
2023-09-18,1851,1466,132,0.0302,0.4425
2023-09-19,1666,1427,135,0.0252,0.4102
2023-09-20,1889,1577,230,0.0292,0.5371
2023-09-21,2075,1754,257,0.0367,0.5593
2023-09-22,1973,1681,195,0.0368,0.3983
2023-09-23,2043,1644,168,0.0304,0.5397
2023-09-24,2339,1945,210,0.0208,0.4534
2023-09-25,1974,1638,218,0.0284,0.4109
2023-09-26,2011,1621,261,0.0322,0.4909
2023-09-27,1892,1528,161,0.0264,0.5384
2023-09-28,1979,1461,185,0.0274,0.4086
2023-09-29,2172,1605,201,0.0275,0.4142
2023-09-30,2210,1760,185,0.0295,0.5396
2023-10-01,2307,1897,187,0.0325,0.4419
2023-10-02,2079,1597,250,0.0298,0.4053
2023-10-03,1884,1384,200,0.0252,0.4419
2023-10-04,1924,1420,197,0.0295,0.4588
2023-10-05,2084,1787,225,0.0372,0.4666
2023-10-06,2093,1786,148,0.0295,0.5386
2023-10-07,1893,1429,186,0.0287,0.4576
2023-10-08,2237,1714,277,0.0305,0.4878
2023-10-09,2056,1728,260,0.0282,0.4338
2023-10-10,1987,1622,181,0.0293,0.391
2023-10-11,2105,1622,178,0.0324,0.5123
2023-10-12,1991,1674,246,0.0285,0.5418
2023-10-13,1955,1451,186,0.0374,0.5498
2023-10-14,2267,1698,218,0.0258,0.4861
2023-10-15,2435,2067,305,0.0359,0.5325
2023-10-16,1871,1492,146,0.0325,0.3889
2023-10-17,2012,1458,260,0.0229,0.3787
2023-10-18,2007,1453,169,0.0289,0.5045
2023-10-19,2053,1706,147,0.0345,0.5003
2023-10-20,2077,1595,214,0.0232,0.5016
2023-10-21,2424,1826,302,0.025,0.3867
2023-10-22,2207,1758,162,0.0289,0.4571
2023-10-23,2175,1743,191,0.0303,0.3798
2023-10-24,2100,1716,239,0.0291,0.4282
2023-10-25,1992,1491,255,0.0314,0.4759
2023-10-26,2007,1622,229,0.0358,0.5116
2023-10-27,1920,1392,150,0.0307,0.4076
2023-10-28,2530,1948,272,0.0398,0.3843
2023-10-29,2101,1741,253,0.0317,0.4707
2023-10-30,2046,1647,187,0.0299,0.3605
2023-10-31,1964,1560,229,0.0351,0.5344
2023-11-01,3242,2723,334,0.0288,0.4636
2023-11-02,3265,2736,334,0.0241,0.4972
2023-11-03,3048,2488,347,0.0316,0.5159
2023-11-04,3480,2936,330,0.0377,0.4932
2023-11-05,3552,2739,390,0.0251,0.5521
2023-11-06,3089,2650,244,0.0344,0.3767
2023-11-07,3096,2562,332,0.0332,0.4372
2023-11-08,3135,2386,267,0.029,0.5396
2023-11-09,3255,2379,311,0.024,0.4158
2023-11-10,2928,2197,293,0.0229,0.5454
2023-11-11,3605,2642,461,0.0261,0.487
2023-11-12,3424,2917,285,0.0252,0.4495
2023-11-13,3025,2411,349,0.0262,0.3938
2023-11-14,3285,2544,416,0.029,0.4272
2023-11-15,3069,2612,303,0.032,0.3458
2023-11-16,3051,2564,381,0.0284,0.4052
2023-11-17,3059,2341,290,0.0332,0.4605
2023-11-18,3629,2965,271,0.0307,0.4419
2023-11-19,3297,2765,245,0.029,0.3433
2023-11-20,3034,2321,367,0.0375,0.4648
2023-11-21,3086,2276,393,0.0365,0.5163
2023-11-22,3075,2519,255,0.0355,0.4235
2023-11-23,3068,2322,261,0.0262,0.5188
2023-11-24,3051,2201,366,0.0246,0.5222
2023-11-25,3624,3071,297,0.0276,0.4551
2023-11-26,3719,2766,278,0.0327,0.5447
2023-11-27,3036,2293,336,0.0252,0.5213
2023-11-28,2993,2224,323,0.0375,0.3578
2023-11-29,2928,2410,366,0.0259,0.5048
2023-11-30,2805,2034,218,0.0303,0.3823
2023-12-01,3154,2592,297,0.0308,0.4791
2023-12-02,3773,2935,293,0.0304,0.448
2023-12-03,3668,2788,265,0.0384,0.5445
2023-12-04,3215,2452,408,0.0361,0.4546
2023-12-05,3133,2450,272,0.0302,0.4744
2023-12-06,3222,2341,277,0.0298,0.3852
2023-12-07,3098,2557,235,0.0274,0.4168
2023-12-08,3174,2725,342,0.0239,0.3519
2023-12-09,3399,2571,240,0.0339,0.4642
2023-12-10,3640,2676,302,0.0244,0.4825
2023-12-11,3059,2236,342,0.0289,0.4927
2023-12-12,3034,2236,332,0.0353,0.4298
2023-12-13,3238,2344,377,0.0303,0.4654
2023-12-14,3372,2547,405,0.026,0.3865
2023-12-15,3110,2447,356,0.0307,0.4893
2023-12-16,3550,2695,430,0.0207,0.4578
2023-12-17,3506,2707,402,0.0372,0.546
2023-12-18,3186,2459,292,0.0342,0.3568
2023-12-19,3340,2662,425,0.0259,0.4897
2023-12-20,3355,2827,305,0.0291,0.4514
2023-12-21,3227,2401,320,0.0348,0.3771
2023-12-22,3105,2485,386,0.0304,0.5192
2023-12-23,3610,3035,370,0.0264,0.4959
2023-12-24,3524,2674,357,0.0316,0.5222
2023-12-25,2937,2437,376,0.0296,0.4113
2023-12-26,3131,2507,387,0.0286,0.4624
2023-12-27,3307,2507,358,0.0333,0.5099
2023-12-28,3165,2712,381,0.0373,0.5522
2023-12-29,3183,2554,306,0.0276,0.5051
2023-12-30,3623,3061,301,0.0285,0.5356
2023-12-31,3537,2883,395,0.0323,0.4255
2024-01-01,2223,1649,260,0.0352,0.3997
2024-01-02,2015,1719,238,0.0322,0.5291
2024-01-03,1981,1460,184,0.0351,0.4246
2024-01-04,2093,1658,243,0.0306,0.5018
2024-01-05,2176,1642,198,0.031,0.3925
2024-01-06,2269,1805,278,0.0378,0.382
2024-01-07,2352,1965,192,0.0286,0.3749
2024-01-08,2101,1583,183,0.0218,0.5598
2024-01-09,2081,1781,196,0.0379,0.3616
2024-01-10,2195,1660,247,0.0352,0.3963
2024-01-11,2127,1627,249,0.0358,0.3645
2024-01-12,2008,1670,193,0.0338,0.524
2024-01-13,2410,2051,172,0.0353,0.4166
2024-01-14,2217,1730,212,0.0328,0.5479
2024-01-15,2093,1696,163,0.0355,0.4707
2024-01-16,1836,1343,177,0.0306,0.4191
2024-01-17,2001,1559,254,0.0302,0.4773
2024-01-18,2227,1767,157,0.0408,0.5353
2024-01-19,2247,1875,272,0.0312,0.5536
2024-01-20,2245,1619,274,0.0334,0.5403
2024-01-21,2593,2002,248,0.0311,0.4792
2024-01-22,2283,1691,295,0.0224,0.5433
2024-01-23,2149,1638,222,0.034,0.5455
2024-01-24,2225,1618,158,0.0313,0.4776
2024-01-25,1990,1698,209,0.036,0.406
2024-01-26,1679,1373,205,0.0265,0.472
2024-01-27,2367,1718,307,0.0313,0.3708
2024-01-28,2567,2103,229,0.0366,0.3829
2024-01-29,2055,1674,165,0.0241,0.4781
2024-01-30,2065,1591,244,0.0299,0.3917
2024-01-31,1964,1600,243,0.0283,0.5409
2024-02-01,2145,1646,199,0.0297,0.4219
2024-02-02,2094,1549,152,0.0265,0.4984
2024-02-03,2400,1798,240,0.0344,0.3662
2024-02-04,2510,2118,320,0.036,0.3745
2024-02-05,1966,1479,222,0.0358,0.4355
2024-02-06,1905,1510,207,0.0201,0.5445
2024-02-07,2067,1668,223,0.0358,0.3569
2024-02-08,1936,1551,242,0.0284,0.4095
2024-02-09,1985,1430,166,0.0382,0.508
2024-02-10,2511,1826,283,0.0321,0.4027
2024-02-11,2260,1779,239,0.0287,0.5413
2024-02-12,2278,1721,293,0.0313,0.5496
2024-02-13,2078,1540,161,0.0321,0.4222
2024-02-14,2049,1700,260,0.0358,0.4368
2024-02-15,2084,1751,199,0.0274,0.4522
2024-02-16,2028,1582,159,0.0293,0.4729
2024-02-17,2378,2016,253,0.0318,0.3514
2024-02-18,2287,1950,211,0.0257,0.4134
2024-02-19,2112,1658,230,0.0345,0.3821
2024-02-20,2076,1655,255,0.0306,0.3805
2024-02-21,2099,1634,203,0.0307,0.4535
2024-02-22,2019,1519,185,0.0287,0.5077
2024-02-23,2134,1693,202,0.0284,0.4216
2024-02-24,2198,1622,195,0.0319,0.3654
2024-02-25,2452,1817,271,0.0368,0.3685
2024-02-26,2062,1602,231,0.0288,0.4915
2024-02-27,2080,1590,146,0.0306,0.5389
2024-02-28,2112,1777,220,0.0236,0.4973
2024-02-29,2007,1625,194,0.0302,0.5021
2024-03-01,2222,1752,281,0.0363,0.4528
2024-03-02,2449,1874,291,0.0294,0.3792
2024-03-03,2461,2004,250,0.036,0.4172
2024-03-04,1965,1498,167,0.0295,0.5051
2024-03-05,1998,1684,187,0.0384,0.456
2024-03-06,2039,1735,234,0.0225,0.4252
2024-03-07,2155,1774,155,0.0356,0.5462
2024-03-08,1877,1547,166,0.0338,0.507
2024-03-09,2233,1644,267,0.0308,0.4286
2024-03-10,2535,2060,323,0.0348,0.4678
2024-03-11,2259,1656,191,0.0293,0.553
2024-03-12,2122,1620,165,0.0321,0.3941
2024-03-13,2002,1681,208,0.0306,0.3905
2024-03-14,2106,1801,214,0.0354,0.5167
2024-03-15,2140,1744,174,0.0354,0.3841
2024-03-16,2524,1967,223,0.0244,0.3427
2024-03-17,2443,1967,251,0.0333,0.3668
2024-03-18,2148,1839,160,0.0326,0.4127
2024-03-19,1983,1664,255,0.0302,0.4685
2024-03-20,2186,1878,160,0.032,0.3524
2024-03-21,2301,1904,260,0.0372,0.4597
2024-03-22,2250,1673,268,0.0333,0.5383
2024-03-23,2300,1830,276,0.0271,0.397
2024-03-24,2334,1863,214,0.0287,0.4377
2024-03-25,2257,1807,291,0.0313,0.5492
2024-03-26,2254,1729,231,0.0329,0.4364
2024-03-27,2003,1477,212,0.0356,0.5119
2024-03-28,2152,1844,183,0.0394,0.3859
2024-03-29,2162,1696,242,0.0268,0.5526
2024-03-30,2439,2022,187,0.0277,0.4433
2024-03-31,2273,1765,229,0.026,0.4625
2024-04-01,2193,1781,171,0.0317,0.371
2024-04-02,1882,1364,244,0.029,0.3624
2024-04-03,2290,1948,172,0.0328,0.3505
2024-04-04,1922,1444,160,0.0287,0.4364
2024-04-05,2214,1876,283,0.029,0.4181
2024-04-06,2446,1982,214,0.0281,0.4156
2024-04-07,2625,2247,244,0.0262,0.5554
2024-04-08,1885,1516,194,0.034,0.5298
2024-04-09,2124,1814,258,0.0398,0.3662
2024-04-10,2208,1705,228,0.0328,0.3665
2024-04-11,2140,1559,213,0.0299,0.5119
2024-04-12,2038,1472,251,0.0292,0.4929
2024-04-13,2557,1962,290,0.0295,0.4082
2024-04-14,2611,1941,268,0.0341,0.4622
2024-04-15,1929,1425,155,0.0318,0.5088
2024-04-16,1962,1604,252,0.0311,0.4707
2024-04-17,2192,1780,284,0.028,0.3867
2024-04-18,2237,1635,258,0.023,0.4451
2024-04-19,2023,1617,210,0.0361,0.4837
2024-04-20,2500,2063,260,0.0289,0.4769
2024-04-21,2425,1981,309,0.0348,0.363
2024-04-22,2070,1741,250,0.0307,0.4765
2024-04-23,2182,1834,162,0.036,0.468
2024-04-24,2134,1701,224,0.0295,0.5375
2024-04-25,2170,1655,269,0.0343,0.5524
2024-04-26,2339,1932,300,0.0359,0.4813
2024-04-27,2333,1744,176,0.0299,0.3804
2024-04-28,2396,2035,300,0.0318,0.4457
2024-04-29,2219,1714,173,0.0333,0.4025
2024-04-30,1986,1635,249,0.04,0.4783
2024-05-01,2243,1875,230,0.0316,0.4079
2024-05-02,2562,1857,250,0.0299,0.4978
2024-05-03,2252,1746,198,0.0319,0.3675
2024-05-04,2823,2147,243,0.0356,0.4856
2024-05-05,2827,2407,331,0.0323,0.452
2024-05-06,2468,1860,300,0.0329,0.4338
2024-05-07,2330,1801,178,0.03,0.3541
2024-05-08,2222,1834,170,0.0307,0.3713
2024-05-09,2363,1895,273,0.0271,0.3878
2024-05-10,2347,1948,296,0.0274,0.4019
2024-05-11,2693,2285,190,0.0319,0.4688
2024-05-12,2758,2353,342,0.0325,0.4528
2024-05-13,2417,2018,293,0.0329,0.3595
2024-05-14,2298,1737,187,0.0276,0.4942
2024-05-15,2345,1777,202,0.0298,0.4547
2024-05-16,2410,1807,249,0.0371,0.3797
2024-05-17,2425,2038,297,0.0295,0.5141
2024-05-18,2927,2154,360,0.0334,0.5109
2024-05-19,2703,1951,254,0.0409,0.5068
2024-05-20,2406,1842,311,0.0383,0.5341
2024-05-21,2510,2121,192,0.0255,0.4615
2024-05-22,2109,1783,170,0.0421,0.3707
2024-05-23,2485,1971,175,0.0306,0.3952
2024-05-24,2466,1887,286,0.0333,0.5054
2024-05-25,2684,2029,342,0.0284,0.4321
2024-05-26,2872,2202,353,0.0221,0.4882
2024-05-27,2519,1973,278,0.031,0.5149
2024-05-28,2517,1841,260,0.0325,0.5257
2024-05-29,2343,1742,194,0.034,0.5435
2024-05-30,2570,2001,212,0.0321,0.4491
2024-05-31,2253,1930,255,0.0297,0.5383
2024-06-01,2835,2174,359,0.0348,0.539
2024-06-02,2725,2196,230,0.0347,0.3516
2024-06-03,2678,2150,238,0.0282,0.3866
2024-06-04,2548,1888,216,0.0372,0.3415
2024-06-05,2549,2013,256,0.0382,0.5108
2024-06-06,2475,2088,295,0.0267,0.5443
2024-06-07,2410,1872,223,0.0261,0.437
2024-06-08,2797,2215,303,0.0295,0.3861
2024-06-09,2970,2263,335,0.0309,0.3876
2024-06-10,2474,2060,190,0.0371,0.431
2024-06-11,2249,1712,265,0.0395,0.4537
2024-06-12,2456,1778,182,0.0311,0.4859
2024-06-13,2392,1908,287,0.0303,0.3788
2024-06-14,2623,1950,325,0.0314,0.5433
2024-06-15,2818,2114,345,0.0302,0.3945
2024-06-16,2857,2339,351,0.0299,0.3593
2024-06-17,2382,1879,180,0.033,0.4597
2024-06-18,2537,1916,242,0.0243,0.535
2024-06-19,2477,1964,258,0.0314,0.3647
2024-06-20,2481,1974,301,0.0365,0.531
2024-06-21,2592,2120,236,0.0381,0.3842
2024-06-22,2817,2351,283,0.0307,0.4573
2024-06-23,2891,2376,290,0.0344,0.4584
2024-06-24,2503,2031,239,0.0238,0.5007
2024-06-25,2395,1926,279,0.0357,0.5063
2024-06-26,2589,2067,255,0.0342,0.4815
2024-06-27,2486,1812,265,0.0292,0.3953
2024-06-28,2497,2004,304,0.0345,0.5317
2024-06-29,3020,2289,318,0.028,0.4263
2024-06-30,2953,2460,219,0.0379,0.4468
2024-07-01,2132,1820,157,0.034,0.5187
2024-07-02,1980,1635,176,0.034,0.5589
2024-07-03,2260,1797,201,0.0295,0.4868
2024-07-04,2177,1688,159,0.037,0.489
2024-07-05,2140,1545,207,0.0346,0.4607
2024-07-06,2258,1799,176,0.0294,0.461
2024-07-07,2698,2220,320,0.0342,0.4944
2024-07-08,2350,1852,204,0.032,0.5585
2024-07-09,2119,1704,190,0.0361,0.4562
2024-07-10,2361,1777,302,0.0329,0.5169
2024-07-11,2305,1847,236,0.0347,0.3484
2024-07-12,2321,1764,295,0.0296,0.5436
2024-07-13,2614,2051,192,0.0321,0.3534
2024-07-14,2671,2157,298,0.0322,0.3869
2024-07-15,2286,1901,167,0.0333,0.4769
2024-07-16,2043,1723,146,0.034,0.5359
2024-07-17,2074,1517,185,0.0357,0.3879
2024-07-18,2317,1834,165,0.0297,0.4522
2024-07-19,2089,1753,250,0.0314,0.4767
2024-07-20,2561,2174,206,0.0332,0.3764
2024-07-21,2303,1670,271,0.0312,0.5407
2024-07-22,2296,1966,169,0.0259,0.481
2024-07-23,2229,1705,230,0.0343,0.4289
2024-07-24,2176,1837,197,0.0329,0.4468
2024-07-25,2161,1561,252,0.0343,0.5513
2024-07-26,2297,1827,202,0.0321,0.4506
2024-07-27,2349,1914,233,0.0288,0.3461
2024-07-28,2740,2261,306,0.0233,0.3923
2024-07-29,2370,1897,211,0.0313,0.4599
2024-07-30,2293,1855,160,0.0328,0.4864
2024-07-31,2261,1931,240,0.0341,0.4695
2024-08-01,2249,1680,240,0.0323,0.4979
2024-08-02,2534,1921,183,0.0321,0.3879
2024-08-03,2613,2108,227,0.0341,0.4051
2024-08-04,2560,2066,329,0.0304,0.4753
2024-08-05,2235,1620,159,0.0336,0.5235
2024-08-06,2319,1676,270,0.036,0.5098
2024-08-07,2062,1600,204,0.0317,0.4805
2024-08-08,2118,1730,214,0.0285,0.4706
2024-08-09,2077,1768,218,0.0382,0.5132
2024-08-10,2538,1993,255,0.0357,0.3568
2024-08-11,2715,1997,226,0.0255,0.5263
2024-08-12,2280,1757,199,0.0237,0.5529
2024-08-13,2441,2019,255,0.0333,0.5147
2024-08-14,2328,1794,274,0.0324,0.3616
2024-08-15,2218,1895,237,0.0301,0.4416
2024-08-16,2323,1776,229,0.0387,0.4852
2024-08-17,2615,2003,198,0.0319,0.3423
2024-08-18,2703,1999,206,0.0399,0.5528
2024-08-19,2313,1774,219,0.0251,0.3688
2024-08-20,2134,1819,232,0.0264,0.4346
2024-08-21,2266,1810,177,0.0257,0.4552
2024-08-22,2248,1747,171,0.0386,0.3847
2024-08-23,2222,1603,238,0.0273,0.3575
2024-08-24,2595,2205,273,0.0313,0.4746
2024-08-25,2428,1958,257,0.0294,0.3856
2024-08-26,2285,1927,240,0.0346,0.421
2024-08-27,2256,1902,163,0.0362,0.4027
2024-08-28,2344,1820,293,0.0329,0.4606
2024-08-29,2207,1879,221,0.0327,0.3822
2024-08-30,2130,1578,263,0.035,0.3862
2024-08-31,2528,2132,292,0.031,0.4264
2024-09-01,2522,1877,186,0.0316,0.4705
2024-09-02,2092,1573,193,0.029,0.4258
2024-09-03,2350,1977,275,0.0387,0.4757
2024-09-04,2259,1641,213,0.0409,0.3414
2024-09-05,2225,1608,225,0.0367,0.4238
2024-09-06,2173,1616,160,0.0321,0.4216
2024-09-07,2617,1954,221,0.0261,0.3652
2024-09-08,2752,2296,219,0.0341,0.4731
2024-09-09,2261,1786,219,0.029,0.4006
2024-09-10,2231,1743,228,0.035,0.5154
2024-09-11,2300,1755,295,0.0275,0.4691
2024-09-12,2318,1687,197,0.0354,0.4896
2024-09-13,2206,1634,182,0.0359,0.4156
2024-09-14,2681,1957,278,0.0236,0.5491
2024-09-15,2784,2369,221,0.0302,0.3403
2024-09-16,2404,1839,204,0.0268,0.5428
2024-09-17,2356,1870,243,0.0384,0.3702
2024-09-18,2082,1581,263,0.0381,0.4208
2024-09-19,2035,1630,163,0.0346,0.4524
2024-09-20,2218,1891,269,0.0278,0.4147
2024-09-21,2504,1972,265,0.0318,0.4907
2024-09-22,2904,2405,355,0.0323,0.4312
2024-09-23,2299,1969,289,0.0292,0.5308
2024-09-24,2114,1555,192,0.031,0.5234
2024-09-25,2473,2098,174,0.0282,0.4088
2024-09-26,2585,1915,297,0.031,0.5458
2024-09-27,2490,1930,252,0.0363,0.4512
2024-09-28,2662,2114,221,0.0353,0.5307
2024-09-29,2620,2033,277,0.0281,0.4936
2024-09-30,2257,1799,290,0.032,0.5012
2024-10-01,2217,1868,267,0.035,0.3447
2024-10-02,2312,1901,171,0.0392,0.4893
2024-10-03,2421,1990,228,0.0323,0.3401
2024-10-04,2281,1655,269,0.034,0.4799
2024-10-05,2700,1944,346,0.0382,0.4046
2024-10-06,2454,2039,266,0.0331,0.5173
2024-10-07,2333,1917,205,0.034,0.4323
2024-10-08,2192,1645,247,0.037,0.4112
2024-10-09,2300,1730,270,0.0301,0.4275
2024-10-10,2203,1746,169,0.0282,0.5398
2024-10-11,2176,1824,280,0.0306,0.5062
2024-10-12,2636,1922,199,0.0276,0.5482
2024-10-13,2746,2179,289,0.0261,0.3746
2024-10-14,2247,1864,205,0.033,0.3928
2024-10-15,2296,1930,228,0.0398,0.5064
2024-10-16,2364,2026,183,0.0279,0.4305
2024-10-17,2334,1913,296,0.0279,0.511
2024-10-18,2457,2020,292,0.0235,0.3583
2024-10-19,2597,2105,299,0.0336,0.5486
2024-10-20,2494,1859,283,0.0371,0.4588
2024-10-21,2455,2049,227,0.0305,0.4519
2024-10-22,2254,1766,241,0.0291,0.398
2024-10-23,2370,1840,237,0.032,0.4603
2024-10-24,2158,1721,251,0.0411,0.4155
2024-10-25,2511,1945,245,0.041,0.55
2024-10-26,2465,2028,226,0.0374,0.3428
2024-10-27,2701,2042,236,0.0347,0.4244
2024-10-28,2152,1693,161,0.0291,0.4711
2024-10-29,2239,1821,181,0.0331,0.3701
2024-10-30,2276,1781,159,0.033,0.4556
2024-10-31,2262,1789,279,0.0297,0.5074
2024-11-01,3628,2965,317,0.0336,0.377
2024-11-02,4147,2987,434,0.0366,0.5109
2024-11-03,4121,3139,306,0.0336,0.5105
2024-11-04,3617,2813,468,0.0252,0.4685
2024-11-05,3706,2883,448,0.0309,0.5147
2024-11-06,3673,2859,422,0.0339,0.4415
2024-11-07,3515,2834,300,0.0353,0.5562
2024-11-08,3471,2897,398,0.0337,0.4274
2024-11-09,4111,3237,303,0.0369,0.4071
2024-11-10,4288,3410,337,0.0327,0.444
2024-11-11,3585,3004,461,0.0267,0.3816
2024-11-12,3553,2931,262,0.0321,0.5254
2024-11-13,3546,2710,458,0.0352,0.4539
2024-11-14,3610,2633,426,0.0352,0.472
2024-11-15,3443,2898,325,0.0341,0.3657
2024-11-16,4116,3330,316,0.0359,0.5429
2024-11-17,4236,3583,515,0.0334,0.4368
2024-11-18,3683,3009,328,0.02,0.5119
2024-11-19,3745,2968,398,0.0369,0.4688
2024-11-20,3791,2785,297,0.028,0.42
2024-11-21,3527,2737,396,0.0288,0.518
2024-11-22,3744,2702,421,0.0321,0.509
2024-11-23,4203,3336,364,0.0348,0.5355
2024-11-24,4255,3274,376,0.0299,0.3701
2024-11-25,3565,2838,398,0.0318,0.5381
2024-11-26,3753,3147,468,0.0337,0.358
2024-11-27,3816,2787,272,0.0283,0.5296
2024-11-28,3721,3127,452,0.0354,0.5576
2024-11-29,3647,3081,397,0.0312,0.479
2024-11-30,4158,3428,319,0.0359,0.5125
2024-12-01,4173,3252,518,0.031,0.3783
2024-12-02,3739,2930,360,0.034,0.5165
2024-12-03,3854,3267,474,0.032,0.4234
2024-12-04,3773,3131,404,0.0343,0.5504
2024-12-05,3748,2891,469,0.0317,0.4574
2024-12-06,3585,2702,314,0.0391,0.405
2024-12-07,4246,3551,543,0.0337,0.3849
2024-12-08,4051,3320,295,0.0315,0.5396
2024-12-09,3546,2659,425,0.0358,0.4664
2024-12-10,3700,2675,447,0.0354,0.4398
2024-12-11,3734,2725,276,0.0359,0.5411
2024-12-12,3815,2798,321,0.0335,0.496
2024-12-13,3703,3183,291,0.0351,0.5551
2024-12-14,4300,3330,553,0.0359,0.5549
2024-12-15,4226,3430,396,0.0296,0.4538
2024-12-16,3592,2641,329,0.0334,0.3827
2024-12-17,3674,3113,422,0.0348,0.5409
2024-12-18,3643,2954,311,0.0386,0.3699
2024-12-19,3697,3085,320,0.0257,0.3712
2024-12-20,3640,2753,468,0.0324,0.3553
2024-12-21,4267,3076,402,0.0339,0.5084
2024-12-22,4256,3536,386,0.0388,0.3491
2024-12-23,3718,3010,297,0.0472,0.3982
2024-12-24,3796,3102,349,0.0337,0.466
2024-12-25,3737,2948,307,0.0423,0.3758
2024-12-26,3500,2672,302,0.0376,0.495
2024-12-27,3840,3255,424,0.0306,0.5014
2024-12-28,4177,3524,346,0.0319,0.5135
2024-12-29,4447,3250,452,0.0344,0.3466
2024-12-30,3601,2961,452,0.027,0.4309
2024-12-31,3810,2932,476,0.0343,0.4706
2025-01-01,2504,1907,277,0.0353,0.4119
2025-01-02,2548,1978,181,0.0268,0.4758
2025-01-03,2465,1924,297,0.0348,0.4676
2025-01-04,2697,2276,241,0.0352,0.4262
2025-01-05,2699,2186,203,0.0345,0.4408
2025-01-06,2264,1829,213,0.0361,0.4124
2025-01-07,2473,2064,269,0.0379,0.4715
2025-01-08,2235,1750,244,0.0284,0.5293
2025-01-09,2264,1756,246,0.0397,0.3719
2025-01-10,2375,1736,295,0.0353,0.3864
2025-01-11,2858,2324,216,0.0307,0.3544
2025-01-12,2770,2341,291,0.0302,0.4787
2025-01-13,2215,1657,212,0.0378,0.4057
2025-01-14,2382,1863,275,0.0363,0.4258
2025-01-15,2511,1948,246,0.0294,0.5422
2025-01-16,2331,1961,185,0.0406,0.5252
2025-01-17,2454,1895,279,0.0295,0.5058
2025-01-18,2663,1971,340,0.0311,0.5254
2025-01-19,2790,2122,266,0.0342,0.5052
2025-01-20,2515,2106,256,0.0364,0.3405
2025-01-21,2299,1788,227,0.0398,0.3519
2025-01-22,2452,2075,306,0.0416,0.4075
2025-01-23,2313,1971,292,0.0257,0.3671
2025-01-24,2467,1850,309,0.0331,0.3808
2025-01-25,2822,2417,202,0.0333,0.4687
2025-01-26,2913,2387,250,0.0332,0.4318
2025-01-27,2444,2040,262,0.0365,0.5578
2025-01-28,2433,2081,269,0.0369,0.5143
2025-01-29,2460,2000,254,0.034,0.3829
2025-01-30,2458,1788,287,0.0337,0.4774
2025-01-31,2371,1854,188,0.0362,0.4357
2025-02-01,3054,2452,347,0.0353,0.5213
2025-02-02,2800,2125,230,0.0317,0.5208
2025-02-03,2396,1913,211,0.0328,0.3855
2025-02-04,2494,2137,216,0.0347,0.4402
2025-02-05,2604,2165,326,0.0303,0.5594
2025-02-06,2387,1939,306,0.032,0.5415
2025-02-07,2126,1757,245,0.029,0.3591
2025-02-08,2750,2161,216,0.0349,0.5013
2025-02-09,2811,2382,294,0.0362,0.4958
2025-02-10,2289,1752,204,0.0317,0.3897
2025-02-11,2533,2152,283,0.0385,0.4275
2025-02-12,2540,1911,319,0.0352,0.4468
2025-02-13,2234,1803,243,0.0394,0.4025
2025-02-14,2319,1729,227,0.0374,0.5188
2025-02-15,2738,2233,339,0.0346,0.419
2025-02-16,2694,2120,296,0.0337,0.4096
2025-02-17,2298,1737,291,0.0307,0.4547
2025-02-18,2360,1783,208,0.0268,0.4485
2025-02-19,2340,1707,295,0.0286,0.4505
2025-02-20,2309,1897,266,0.0299,0.5165
2025-02-21,2601,2150,335,0.0286,0.3423
2025-02-22,2806,2378,267,0.0359,0.5493
2025-02-23,2775,2229,260,0.0372,0.4231
2025-02-24,2373,1800,284,0.0349,0.4419
2025-02-25,2424,1981,314,0.0322,0.3414
2025-02-26,2506,2013,232,0.034,0.5254
2025-02-27,2414,1854,239,0.0292,0.4712
2025-02-28,2393,1756,308,0.0337,0.352
2025-03-01,2972,2393,246,0.0322,0.4802
2025-03-02,2907,2227,290,0.0339,0.434
2025-03-03,2319,1907,301,0.0395,0.3866
2025-03-04,2453,1818,260,0.0312,0.4616
2025-03-05,2521,2106,266,0.0404,0.4304
2025-03-06,2296,1970,248,0.0377,0.4649
2025-03-07,2275,1942,276,0.0275,0.4924
2025-03-08,2644,2134,218,0.0335,0.383
2025-03-09,2858,2277,221,0.0324,0.405
2025-03-10,2318,1902,184,0.0357,0.4588
2025-03-11,2469,1830,249,0.0344,0.3791
2025-03-12,2553,1882,289,0.0346,0.4532
2025-03-13,2605,1922,322,0.0261,0.3455
2025-03-14,2291,1921,220,0.0382,0.5344
2025-03-15,2587,2145,325,0.0379,0.4022
2025-03-16,2951,2507,372,0.0329,0.4461
2025-03-17,2506,1959,236,0.0341,0.3997
2025-03-18,2488,1806,226,0.028,0.3871
2025-03-19,2546,2093,280,0.0322,0.403
2025-03-20,2316,1866,197,0.0276,0.4392
2025-03-21,2429,2088,208,0.0328,0.3418
2025-03-22,2789,2069,259,0.0327,0.5502
2025-03-23,2689,2122,348,0.0407,0.3567
2025-03-24,2422,1859,174,0.0383,0.4776
2025-03-25,2351,1966,294,0.0453,0.5072
2025-03-26,2551,1915,316,0.0409,0.5355
2025-03-27,2607,2239,253,0.0364,0.3951
2025-03-28,2499,1971,315,0.0334,0.4237
2025-03-29,2870,2269,264,0.0317,0.513
2025-03-30,2904,2164,212,0.0298,0.4578
2025-03-31,2508,1868,267,0.032,0.4977
2025-04-01,2606,1965,199,0.0296,0.5168
2025-04-02,2288,1876,262,0.0356,0.448
2025-04-03,2322,1806,185,0.035,0.5009
2025-04-04,2571,2190,198,0.0347,0.3625
2025-04-05,2720,1967,261,0.0316,0.5136
2025-04-06,2931,2166,224,0.0356,0.4933
2025-04-07,2422,1839,193,0.0376,0.4429
2025-04-08,2317,1718,232,0.0382,0.4902
2025-04-09,2563,1999,285,0.0307,0.5211
2025-04-10,2494,1904,183,0.0328,0.4522
2025-04-11,2612,1924,266,0.042,0.4902
2025-04-12,2652,2271,338,0.0354,0.4586
2025-04-13,2820,2411,302,0.0311,0.3814
2025-04-14,2364,1925,236,0.0335,0.3723
2025-04-15,2392,1859,207,0.0388,0.492
2025-04-16,2572,2102,253,0.0335,0.4592
2025-04-17,2498,2052,181,0.0331,0.4955
2025-04-18,2438,1987,180,0.0321,0.3568
2025-04-19,2678,2284,232,0.0368,0.4285
2025-04-20,2693,2054,228,0.0348,0.4465
2025-04-21,2419,1922,201,0.0406,0.4124
2025-04-22,2560,2084,262,0.0323,0.5312
2025-04-23,2502,1926,267,0.0283,0.4391
2025-04-24,2424,2015,192,0.0319,0.4599
2025-04-25,2616,2206,192,0.0313,0.3686
2025-04-26,2827,2178,298,0.038,0.39
2025-04-27,2808,2376,300,0.0354,0.3525
2025-04-28,2596,1941,256,0.0339,0.5407
2025-04-29,2418,1964,313,0.0378,0.4339
2025-04-30,2499,1939,237,0.0341,0.5284
2025-05-01,2812,2122,360,0.0341,0.5384
2025-05-02,2514,1978,287,0.0317,0.4636
2025-05-03,3254,2783,260,0.0284,0.4765
2025-05-04,3203,2529,251,0.0401,0.4405
2025-05-05,2814,2081,271,0.0312,0.3523
2025-05-06,2823,2037,209,0.0267,0.377
2025-05-07,2791,2318,232,0.0418,0.4005
2025-05-08,2867,2409,295,0.0344,0.4412
2025-05-09,2817,2153,253,0.0399,0.5419
2025-05-10,3099,2393,400,0.0343,0.4058
2025-05-11,3309,2646,324,0.0262,0.4998
2025-05-12,2885,2168,237,0.034,0.5329
2025-05-13,2799,2240,356,0.0343,0.5124
2025-05-14,3006,2555,281,0.034,0.4592
2025-05-15,2937,2333,372,0.0327,0.5401
2025-05-16,2647,2126,293,0.0387,0.426
2025-05-17,3245,2628,333,0.0319,0.3663
2025-05-18,3071,2519,263,0.0433,0.3849
2025-05-19,2792,2011,307,0.0367,0.3421
2025-05-20,2729,2084,197,0.0355,0.5368
2025-05-21,2992,2542,309,0.0341,0.4917
2025-05-22,2799,2172,220,0.0416,0.5032
2025-05-23,2585,1939,322,0.0316,0.3914
2025-05-24,3228,2341,350,0.0334,0.4264
2025-05-25,3291,2540,370,0.035,0.556
2025-05-26,2756,2304,305,0.0385,0.3705
2025-05-27,2743,2163,272,0.0376,0.346
2025-05-28,2763,2189,205,0.0354,0.4904
2025-05-29,3001,2575,255,0.0334,0.5054
2025-05-30,2945,2296,316,0.0313,0.4133
2025-05-31,3187,2401,362,0.0342,0.3448
2025-06-01,3230,2721,392,0.0386,0.5474
2025-06-02,2900,2168,347,0.0411,0.4852
2025-06-03,2881,2318,225,0.043,0.5518
2025-06-04,2961,2229,208,0.0356,0.474
2025-06-05,2990,2400,369,0.0362,0.5173
2025-06-06,2885,2131,227,0.0349,0.5548
2025-06-07,3239,2586,384,0.0327,0.5062
2025-06-08,3193,2707,239,0.0316,0.5373
2025-06-09,2835,2415,223,0.0309,0.347
2025-06-10,2841,2097,335,0.0343,0.5194
2025-06-11,2689,2215,197,0.0384,0.5462
2025-06-12,2863,2308,301,0.0343,0.4369
2025-06-13,2750,2291,220,0.035,0.4165
2025-06-14,3315,2477,271,0.0353,0.5215
2025-06-15,3298,2828,349,0.0406,0.3775
2025-06-16,2670,2285,286,0.0251,0.477
2025-06-17,2763,2173,205,0.0276,0.5214
2025-06-18,2782,2024,342,0.0332,0.3632
2025-06-19,3164,2656,294,0.0354,0.406
2025-06-20,2570,2065,317,0.0312,0.3602
2025-06-21,3399,2727,255,0.0387,0.4692
2025-06-22,3289,2691,230,0.0345,0.3518
2025-06-23,2941,2522,314,0.0417,0.5356
2025-06-24,2586,1957,302,0.0319,0.4806
2025-06-25,2769,2128,306,0.0337,0.4872
2025-06-26,2951,2393,278,0.0298,0.4448
2025-06-27,2660,2146,252,0.0318,0.375
2025-06-28,3257,2617,313,0.0375,0.4075
2025-06-29,3291,2665,292,0.0405,0.4109
2025-06-30,3163,2599,402,0.0363,0.357
2025-07-01,2676,2208,251,0.0374,0.4531
2025-07-02,2536,2165,225,0.034,0.5
2025-07-03,2618,1897,186,0.0351,0.5218
2025-07-04,2537,2151,247,0.0328,0.5024
2025-07-05,3150,2412,375,0.0362,0.3768
2025-07-06,2914,2373,215,0.0392,0.4267
2025-07-07,2661,2249,289,0.0336,0.5112
2025-07-08,2407,2022,299,0.0336,0.4213
2025-07-09,2397,1725,207,0.0399,0.4364
2025-07-10,2300,1803,182,0.0352,0.4659
2025-07-11,2522,1875,250,0.0343,0.434
2025-07-12,3053,2217,234,0.0367,0.4685
2025-07-13,2750,2074,344,0.0408,0.4934
2025-07-14,2444,1988,172,0.0298,0.399
2025-07-15,2587,2166,238,0.0263,0.4281
2025-07-16,2707,1975,283,0.0282,0.4618
2025-07-17,2531,1836,216,0.0333,0.4612
2025-07-18,2681,2000,320,0.0387,0.3855
2025-07-19,2816,2166,317,0.0406,0.4706
2025-07-20,2799,2297,273,0.0346,0.4948
2025-07-21,2583,2089,210,0.0381,0.554
2025-07-22,2703,2308,252,0.0351,0.5494
2025-07-23,2387,1958,293,0.033,0.4819
2025-07-24,2419,1989,223,0.0355,0.5429
2025-07-25,2535,1947,178,0.0415,0.4703
2025-07-26,3079,2412,239,0.0427,0.4509
2025-07-27,3048,2436,392,0.0361,0.3913
2025-07-28,2595,2164,183,0.0332,0.3495
2025-07-29,2509,1906,280,0.034,0.4144
2025-07-30,2771,2030,359,0.0323,0.3503
2025-07-31,2662,1988,267,0.0303,0.423
2025-08-01,2557,2114,249,0.0352,0.5252
2025-08-02,3002,2529,383,0.0377,0.4684
2025-08-03,2909,2430,224,0.0386,0.5134
2025-08-04,2478,2092,212,0.0329,0.5499
2025-08-05,2516,2007,231,0.0343,0.4229
2025-08-06,2516,1842,221,0.0308,0.3762
2025-08-07,2661,2213,322,0.0316,0.4836
2025-08-08,2688,2098,220,0.0388,0.537
2025-08-09,2793,2065,341,0.0377,0.3886
2025-08-10,2974,2201,328,0.0314,0.3516
2025-08-11,2551,1876,273,0.0379,0.4516
2025-08-12,2735,2330,251,0.0318,0.5487
2025-08-13,2694,2046,336,0.0342,0.4946
2025-08-14,2358,1763,245,0.0458,0.4384
2025-08-15,2843,2101,224,0.0336,0.4687
2025-08-16,3016,2205,336,0.0421,0.3414
2025-08-17,2888,2173,334,0.0389,0.4747
2025-08-18,2748,2073,245,0.042,0.4382
2025-08-19,2604,1921,265,0.0273,0.3509
2025-08-20,2812,2332,348,0.0338,0.4261
2025-08-21,2415,2075,180,0.0318,0.4672
2025-08-22,2239,1678,199,0.0362,0.4545
2025-08-23,2935,2500,333,0.0349,0.5457
2025-08-24,3036,2223,257,0.0315,0.3853
2025-08-25,2605,2059,231,0.0335,0.4425
2025-08-26,2798,2028,303,0.0329,0.382
2025-08-27,2257,1744,165,0.0445,0.5468
2025-08-28,2783,2171,297,0.0394,0.4846
2025-08-29,2707,2209,214,0.037,0.5477
2025-08-30,2876,2085,369,0.0382,0.5055
2025-08-31,2797,2362,280,0.0327,0.4072
2025-09-01,2436,1833,209,0.0278,0.3906
2025-09-02,2548,1907,207,0.0309,0.3906
2025-09-03,2738,2272,193,0.0374,0.4638
2025-09-04,2525,1851,224,0.0333,0.4396
2025-09-05,2813,2289,230,0.0309,0.4524
2025-09-06,2819,2103,273,0.0376,0.4673
2025-09-07,3021,2572,302,0.0378,0.4681
2025-09-08,2449,2048,216,0.0338,0.4999
2025-09-09,2450,1985,249,0.0406,0.4161
2025-09-10,2499,1941,203,0.0346,0.4538
2025-09-11,2683,2105,331,0.0383,0.4524
2025-09-12,2463,2014,183,0.042,0.3546
2025-09-13,3005,2428,339,0.037,0.4065
2025-09-14,2892,2301,235,0.0373,0.5397
2025-09-15,2570,1971,291,0.0365,0.5284
2025-09-16,2459,1870,203,0.03,0.4687
2025-09-17,2463,1802,266,0.0376,0.4699
2025-09-18,2668,1965,230,0.0435,0.4736
2025-09-19,2765,2333,246,0.0332,0.404
2025-09-20,3125,2371,381,0.0368,0.5327
2025-09-21,2785,2270,291,0.0368,0.5199
2025-09-22,2631,2104,287,0.0357,0.5356
2025-09-23,2635,1991,314,0.0364,0.4449
2025-09-24,2523,1884,288,0.0399,0.4419
2025-09-25,2428,1808,245,0.0346,0.3488
2025-09-26,2738,2297,285,0.0385,0.5531
2025-09-27,3058,2241,367,0.0316,0.4512
2025-09-28,3024,2279,370,0.0387,0.382
2025-09-29,2616,2010,186,0.0339,0.5056
2025-09-30,2648,2238,330,0.0336,0.4347
2025-10-01,2709,1956,320,0.0343,0.5522
2025-10-02,2690,2092,295,0.0336,0.4188
2025-10-03,2629,2035,206,0.0345,0.3788
2025-10-04,3005,2289,381,0.037,0.5169
2025-10-05,3178,2714,400,0.0375,0.502
2025-10-06,2714,2319,289,0.0338,0.5583
2025-10-07,2545,2071,274,0.0296,0.5416
2025-10-08,2730,2145,330,0.0383,0.3479
2025-10-09,2525,1863,233,0.0333,0.4229
2025-10-10,2890,2398,258,0.0424,0.5201
2025-10-11,3061,2318,221,0.0328,0.3949
2025-10-12,2954,2532,348,0.0372,0.5469
2025-10-13,2650,2170,305,0.0415,0.3547
2025-10-14,2706,2234,323,0.046,0.4579
2025-10-15,2424,2074,250,0.0355,0.5252
2025-10-16,2821,2270,319,0.0326,0.3577
2025-10-17,2810,2350,315,0.0426,0.5581
2025-10-18,3073,2346,295,0.0417,0.5169
2025-10-19,3146,2429,382,0.0296,0.5384
2025-10-20,2702,2169,286,0.0373,0.4699
2025-10-21,2388,1744,303,0.0358,0.3417
2025-10-22,2628,1923,269,0.0407,0.3756
2025-10-23,2650,1944,260,0.0382,0.3477
2025-10-24,2506,1884,222,0.0326,0.4525
2025-10-25,3101,2531,270,0.037,0.4746
2025-10-26,3014,2238,285,0.0357,0.4042
2025-10-27,2796,2372,349,0.0323,0.3439
2025-10-28,2609,1888,256,0.0433,0.4567
2025-10-29,2631,2067,189,0.0356,0.3836
2025-10-30,2608,2233,261,0.0409,0.494
2025-10-31,2751,2074,238,0.0453,0.4643
2025-11-01,4719,3658,443,0.0386,0.4432
2025-11-02,4790,3465,479,0.0408,0.4702
2025-11-03,3958,3120,505,0.0316,0.4207
2025-11-04,3933,3168,424,0.0377,0.4469
2025-11-05,4134,3405,494,0.0351,0.425
2025-11-06,4170,3482,466,0.0375,0.5035
2025-11-07,4174,3141,355,0.0389,0.3711
2025-11-08,4761,4049,443,0.0338,0.4056
2025-11-09,4755,3989,611,0.0379,0.442
2025-11-10,4203,3271,457,0.0335,0.4982
2025-11-11,4098,3193,349,0.0342,0.4515
2025-11-12,4181,3269,295,0.0343,0.4942
2025-11-13,4222,3528,375,0.0342,0.4752
2025-11-14,3981,3320,384,0.0426,0.3778
2025-11-15,4706,4046,399,0.0382,0.4663
2025-11-16,4727,3682,331,0.0351,0.5028
2025-11-17,4153,3490,399,0.0394,0.4117
2025-11-18,4004,3314,470,0.0452,0.4763
2025-11-19,4155,3269,384,0.0396,0.5546
2025-11-20,4096,3112,315,0.0388,0.3528
2025-11-21,4131,2975,363,0.0367,0.3643
2025-11-22,4917,3908,614,0.0296,0.5344
2025-11-23,4763,3842,555,0.0327,0.4016
2025-11-24,4291,3152,316,0.0359,0.4848
2025-11-25,4348,3646,478,0.0453,0.4421
2025-11-26,4011,2894,392,0.0303,0.3932
2025-11-27,4027,3138,395,0.0374,0.391
2025-11-28,4265,3561,473,0.0236,0.4089
2025-11-29,4903,3559,537,0.0432,0.4976
2025-11-30,4846,3543,541,0.0285,0.3726
2025-12-01,4252,3214,552,0.0345,0.4585
2025-12-02,4088,3417,308,0.0385,0.3762
2025-12-03,4318,3325,453,0.0333,0.4032
2025-12-04,4224,3270,499,0.0439,0.5356
2025-12-05,4208,3342,535,0.0291,0.5081
2025-12-06,4982,4234,506,0.037,0.4151
2025-12-07,4835,3511,353,0.0413,0.5298
2025-12-08,4292,3447,435,0.0369,0.552
2025-12-09,4309,3631,464,0.0397,0.513
2025-12-10,4077,3214,501,0.036,0.5359
2025-12-11,4410,3696,357,0.0319,0.3912
2025-12-12,4386,3165,485,0.0402,0.5359
2025-12-13,4775,3812,394,0.0343,0.3486
2025-12-14,4716,3486,532,0.0389,0.4904
2025-12-15,4278,3339,309,0.0323,0.4305
2025-12-16,4087,2995,368,0.0407,0.4338
2025-12-17,4343,3571,502,0.0381,0.342
2025-12-18,4166,3327,439,0.0329,0.4292
2025-12-19,4150,3059,504,0.0376,0.4938
2025-12-20,4803,3692,385,0.0326,0.5534
2025-12-21,4836,3644,586,0.0361,0.4593
2025-12-22,4394,3314,384,0.0335,0.5171
2025-12-23,4195,3455,343,0.0332,0.4973
2025-12-24,4185,3456,359,0.0353,0.4682
2025-12-25,4261,3606,449,0.0345,0.4269
2025-12-26,4259,3341,458,0.0405,0.3531
2025-12-27,4781,3756,383,0.0353,0.3724
2025-12-28,4710,3731,459,0.0373,0.4055
2025-12-29,4243,3375,449,0.0319,0.3745
2025-12-30,4284,3371,439,0.0348,0.4477
2025-12-31,4083,3104,440,0.0378,0.3757
